player_code,xm_override,cs_pct_override,bps_profile,tenure_discount,npxg90_rescue,xa90_rescue,dc90_rescue,note
116535,0.90,0.235,0.95,0.80,,,,"TEST RUN UPDATE (30 Aug 2026, expanded to full-PL new-manager pass). Step 6 base blend: 0.5x Liverpool 2025-26 own PL clean-sheet rate 26.3% (10/38) + 0.5x Andoni Iraola's final Bournemouth season CS rate 28.9% (11/38) = 27.6% historical base; Iraola confirmed Liverpool head coach, re-verified via LiverpoolFC.com, Sky Sports and ESPN, 30 Aug 2026. Step 0 Post-GW Calibration: GW1 (away, Newcastle 2-2) and GW2 (home, Nott'm Forest 2-2) both produced 0 clean sheets / 2 goals conceded each -- 2 straight misses in the same direction, raised as a candidate correction per Step 0, not filed silently. Applied Decay Schedule GW2-3 (85% historical / 15% current-season): 0.85x27.6% + 0.15x0% = 23.5%. Mechanism-specific finding (2+ sources): NBC Sports and SI.com both diagnose a transition-defense flaw -- Gravenberch/Szoboszlai vacate the pivot, full-backs pushed high, Van Dijk/Jacquet exposed on counters; SI.com: Liverpool have conceded the 2nd-most counter-attack goals in the PL since start of 2025-26 (7, behind only Sunderland's 8). Countervailing signal logged (Rule #2): Iraola's own presser (AnfieldIndex) blames execution not personnel and is reportedly trialling Mac Allister as a deeper pivot -- re-verify after GW3, this discount may partially reverse. Tagged EST throughout. Sources: nbcsports.com/soccer/news/liverpools-biggest-issue-ruthlessly-exposed-at-newcastle-how-can-iraola-fix-it ; si.com/soccer/three-ways-andoni-iraola-fix-liverpool-fatal-flaw ; anfieldindex.com/98566 ; thisisanfield.com match report 23 Aug 2026 ; olbauday/FPL-Core-Insights GW1+GW2 player_gameweek_stats.csv + matches.csv. Applied identically to every currently-available (status=a) Liverpool GK/DEF per Rule #22. Alisson Becker: confirmed starter, 90 min GW1, xM Floor Rule applies directly. | xm_override added 30 Aug 2026 (TEST RUN, xm follow-up): Step 4 xM Floor Rule -- A.Becker has an actual current-season confirmed start (2/2 GW starts, ~full minutes both (undisputed)), source: olbauday/FPL-Core-Insights playerstats.csv gw=2 snapshot (id=350), fetched fresh this run, not the historical vaastav mirror. Floor set to 0.90 per Step 4, decoupled from prior-season minutes. Not permanent -- Step 0 rechecks weekly, drops if benched/injured. | tenure_discount + bps_profile added (30 Aug 2026): Step 4a signal count for this club's manager change = 1 flag (single confirmed manager change) -> tenure_discount=0.80. bps_profile set per Core Formula table (winger/attacking-FB=1.06, high-CBI CB/DM=0.95) based on the player's on-pitch role; left blank where role is a GK or ambiguous rotation option not yet role-confirmed this session."
449027,,0.235,,0.80,,,,"TEST RUN UPDATE (30 Aug 2026) -- same Liverpool manager-transition CS% blend as the first Liverpool row above (player_code 116535); see that row's note for full sourcing and calculation. 3rd-choice/rotation keeper (0 min GW1-2, status=a) -- CS% base applies per Rule #22 regardless of starting status. | tenure_discount + bps_profile added (30 Aug 2026): Step 4a signal count for this club's manager change = 1 flag (single confirmed manager change) -> tenure_discount=0.80. bps_profile set per Core Formula table (winger/attacking-FB=1.06, high-CBI CB/DM=0.95) based on the player's on-pitch role; left blank where role is a GK or ambiguous rotation option not yet role-confirmed this session."
155503,,0.235,,0.80,,,,"TEST RUN UPDATE (30 Aug 2026) -- same Liverpool manager-transition CS% blend as the first Liverpool row above (player_code 116535); see that row's note for full sourcing and calculation. Woodman: 0 min GW1-2, status=a. | tenure_discount + bps_profile added (30 Aug 2026): Step 4a signal count for this club's manager change = 1 flag (single confirmed manager change) -> tenure_discount=0.80. bps_profile set per Core Formula table (winger/attacking-FB=1.06, high-CBI CB/DM=0.95) based on the player's on-pitch role; left blank where role is a GK or ambiguous rotation option not yet role-confirmed this session."
464353,,0.235,,0.80,,,,"TEST RUN UPDATE (30 Aug 2026) -- same Liverpool manager-transition CS% blend as the first Liverpool row above (player_code 116535); see that row's note for full sourcing and calculation. Davies: 0 min GW1-2, status=a. | tenure_discount + bps_profile added (30 Aug 2026): Step 4a signal count for this club's manager change = 1 flag (single confirmed manager change) -> tenure_discount=0.80. bps_profile set per Core Formula table (winger/attacking-FB=1.06, high-CBI CB/DM=0.95) based on the player's on-pitch role; left blank where role is a GK or ambiguous rotation option not yet role-confirmed this session."
97032,0.90,0.235,0.95,0.80,,,,"TEST RUN UPDATE (30 Aug 2026) -- same Liverpool manager-transition CS% blend as the first Liverpool row above (player_code 116535); see that row's note for full sourcing and calculation. Van Dijk: directly named in NBC Sports' diagnosed mechanism as the CB left exposed on counters -- confirmed starter, 90 min GW1. | xm_override added 30 Aug 2026 (TEST RUN, xm follow-up): Step 4 xM Floor Rule -- Virgil has an actual current-season confirmed start (2/2 GW starts, ~full minutes both (undisputed)), source: olbauday/FPL-Core-Insights playerstats.csv gw=2 snapshot (id=356), fetched fresh this run, not the historical vaastav mirror. Floor set to 0.90 per Step 4, decoupled from prior-season minutes. Not permanent -- Step 0 rechecks weekly, drops if benched/injured. | tenure_discount + bps_profile added (30 Aug 2026): Step 4a signal count for this club's manager change = 1 flag (single confirmed manager change) -> tenure_discount=0.80. bps_profile set per Core Formula table (winger/attacking-FB=1.06, high-CBI CB/DM=0.95) based on the player's on-pitch role; left blank where role is a GK or ambiguous rotation option not yet role-confirmed this session."
216094,0.85,0.235,1.06,0.80,,,,"TEST RUN UPDATE (30 Aug 2026) -- same Liverpool manager-transition CS% blend as the first Liverpool row above (player_code 116535); see that row's note for full sourcing and calculation. Frimpong: one of the advancing full-backs named in the diagnosed mechanism -- confirmed starter, 90 min GW1. | xm_override added 30 Aug 2026 (TEST RUN, xm follow-up): Step 4 xM Floor Rule -- Frimpong has an actual current-season confirmed start (2/2 GW starts, 160 total min (confirmed but not fully undisputed)), source: olbauday/FPL-Core-Insights playerstats.csv gw=2 snapshot (id=357), fetched fresh this run, not the historical vaastav mirror. Floor set to 0.85 per Step 4, decoupled from prior-season minutes. Not permanent -- Step 0 rechecks weekly, drops if benched/injured. | tenure_discount + bps_profile added (30 Aug 2026): Step 4a signal count for this club's manager change = 1 flag (single confirmed manager change) -> tenure_discount=0.80. bps_profile set per Core Formula table (winger/attacking-FB=1.06, high-CBI CB/DM=0.95) based on the player's on-pitch role; left blank where role is a GK or ambiguous rotation option not yet role-confirmed this session."
544877,0.85,0.235,1.06,0.80,,,,"TEST RUN UPDATE (30 Aug 2026) -- same Liverpool manager-transition CS% blend as the first Liverpool row above (player_code 116535); see that row's note for full sourcing and calculation. Kerkez: the other advancing full-back named in the diagnosed mechanism -- confirmed starter, 90 min GW1. | xm_override added 30 Aug 2026 (TEST RUN, xm follow-up): Step 4 xM Floor Rule -- Kerkez has an actual current-season confirmed start (2/2 GW starts, 160 total min (confirmed but not fully undisputed)), source: olbauday/FPL-Core-Insights playerstats.csv gw=2 snapshot (id=358), fetched fresh this run, not the historical vaastav mirror. Floor set to 0.85 per Step 4, decoupled from prior-season minutes. Not permanent -- Step 0 rechecks weekly, drops if benched/injured. | tenure_discount + bps_profile added (30 Aug 2026): Step 4a signal count for this club's manager change = 1 flag (single confirmed manager change) -> tenure_discount=0.80. bps_profile set per Core Formula table (winger/attacking-FB=1.06, high-CBI CB/DM=0.95) based on the player's on-pitch role; left blank where role is a GK or ambiguous rotation option not yet role-confirmed this session."
519440,,0.235,,0.80,,,,"TEST RUN UPDATE (30 Aug 2026) -- same Liverpool manager-transition CS% blend as the first Liverpool row above (player_code 116535); see that row's note for full sourcing and calculation. Lucky: 0 min GW1-2, status=a, deep rotation option. | tenure_discount + bps_profile added (30 Aug 2026): Step 4a signal count for this club's manager change = 1 flag (single confirmed manager change) -> tenure_discount=0.80. bps_profile set per Core Formula table (winger/attacking-FB=1.06, high-CBI CB/DM=0.95) based on the player's on-pitch role; left blank where role is a GK or ambiguous rotation option not yet role-confirmed this session."
606702,0.85,0.235,0.95,0.80,,,,"TEST RUN UPDATE (30 Aug 2026) -- same Liverpool manager-transition CS% blend as the first Liverpool row above (player_code 116535); see that row's note for full sourcing and calculation. Jacquet: directly named alongside Van Dijk in NBC Sports' diagnosed mechanism -- confirmed starter, 69 min GW1, xM Floor Rule applies. | xm_override added 30 Aug 2026 (TEST RUN, xm follow-up): Step 4 xM Floor Rule -- Jacquet has an actual current-season confirmed start (2/2 GW starts, 145 total min (confirmed but not fully undisputed)), source: olbauday/FPL-Core-Insights playerstats.csv gw=2 snapshot (id=362), fetched fresh this run, not the historical vaastav mirror. Floor set to 0.85 per Step 4, decoupled from prior-season minutes. Not permanent -- Step 0 rechecks weekly, drops if benched/injured. | tenure_discount + bps_profile added (30 Aug 2026): Step 4a signal count for this club's manager change = 1 flag (single confirmed manager change) -> tenure_discount=0.80. bps_profile set per Core Formula table (winger/attacking-FB=1.06, high-CBI CB/DM=0.95) based on the player's on-pitch role; left blank where role is a GK or ambiguous rotation option not yet role-confirmed this session."
214285,,0.235,,0.80,,,,"TEST RUN UPDATE (30 Aug 2026) -- same Liverpool manager-transition CS% blend as the first Liverpool row above (player_code 116535); see that row's note for full sourcing and calculation. Tsimikas: 0 min GW1-2 (Kerkez preferred at LB), status=a, deep rotation option. | tenure_discount + bps_profile added (30 Aug 2026): Step 4a signal count for this club's manager change = 1 flag (single confirmed manager change) -> tenure_discount=0.80. bps_profile set per Core Formula table (winger/attacking-FB=1.06, high-CBI CB/DM=0.95) based on the player's on-pitch role; left blank where role is a GK or ambiguous rotation option not yet role-confirmed this session."
489580,,0.235,,0.80,,,,"TEST RUN UPDATE (30 Aug 2026) -- same Liverpool manager-transition CS% blend as the first Liverpool row above (player_code 116535); see that row's note for full sourcing and calculation. Ramsay-code slot reused check -- Lucky/Ramsay: 0 min GW1-2, status=a, deep rotation option. | tenure_discount + bps_profile added (30 Aug 2026): Step 4a signal count for this club's manager change = 1 flag (single confirmed manager change) -> tenure_discount=0.80. bps_profile set per Core Formula table (winger/attacking-FB=1.06, high-CBI CB/DM=0.95) based on the player's on-pitch role; left blank where role is a GK or ambiguous rotation option not yet role-confirmed this session."
445087,,0.235,,0.80,,,,"TEST RUN UPDATE (30 Aug 2026) -- same Liverpool manager-transition CS% blend as the first Liverpool row above (player_code 116535); see that row's note for full sourcing and calculation. Araujo (LIV): 20 min GW1 (late sub/rotation appearance), status=a -- xM still historical-blend pending a start. | tenure_discount + bps_profile added (30 Aug 2026): Step 4a signal count for this club's manager change = 1 flag (single confirmed manager change) -> tenure_discount=0.80. bps_profile set per Core Formula table (winger/attacking-FB=1.06, high-CBI CB/DM=0.95) based on the player's on-pitch role; left blank where role is a GK or ambiguous rotation option not yet role-confirmed this session."
457569,0.90,0.248,,0.80,,,,"NEW ROW (30 Aug 2026). Step 6 base blend: 0.5x Bournemouth 2025-26 own PL clean-sheet rate 28.95% (11/38, FBref+StatMuse) + 0.5x Marco Rose's final full season at RB Leipzig, 2023-24 Bundesliga, 29.41% (10/34, FBref+StatMuse) = 29.18% historical base. Marco Rose confirmed Bournemouth head coach replacing Andoni Iraola (who left for Athletic Bilbao links), verified via NBCSports, TNT Sports, Sky Sports. Caveat (Rule #4, no numeric adjustment invented): Bundesliga is a different competition/quality baseline than the PL. GW1 (away, Man City 2-1, Bournemouth conceded 2) and GW2 (home, Everton 1-1, conceded 1) = 0/2 clean sheets. Decay Schedule GW2-3: 0.85x29.18% + 0.15x0% = 24.80%. Mechanism-specific finding (2 sources): Rose's own post-match quotes across both GW1 and GW2 attribute goals conceded to specific, repeated set-piece/box-defending breakdowns (not run-of-play); a tactical-analysis piece independently flags Rose's space-oriented press as leaving gaps behind advancing full-backs as a known structural weakness from his prior work. Sources: yardbarker.com (Rose GW1 quotes) ; skysports.com/football/bournemouth-vs-everton/report/559455 (GW2 quotes) ; tacticalfootballanalysis.com/marco-rose-tactics-bournemouth-2026-2027-tactical-analysis (partially paywalled, pressing-gap mechanism only) ; olbauday/FPL-Core-Insights GW1+GW2 data. DATA-INTEGRITY FLAG: a 3rd GK (Michele Di Gregorio, code 230650) appeared in the source players.csv for this club with status=a -- this name is publicly associated with Juventus, not Bournemouth, and was NOT independently corroborated. EXCLUDED from this override pending spot-check against the live official FPL roster -- do not apply the CS% figure to this player_code until verified. Applied identically to every currently-available (status=a) Bournemouth GK/DEF per Rule #22. Đorđe Petrović: status=a. | xm_override added 30 Aug 2026 (TEST RUN, xm follow-up): Step 4 xM Floor Rule -- Petrović has an actual current-season confirmed start (2/2 GW starts, ~full minutes both (undisputed)), source: olbauday/FPL-Core-Insights playerstats.csv gw=2 snapshot (id=57), fetched fresh this run, not the historical vaastav mirror. Floor set to 0.90 per Step 4, decoupled from prior-season minutes. Not permanent -- Step 0 rechecks weekly, drops if benched/injured. | tenure_discount + bps_profile added (30 Aug 2026): Step 4a signal count for this club's manager change = 1 flag (single confirmed manager change) -> tenure_discount=0.80. bps_profile set per Core Formula table (winger/attacking-FB=1.06, high-CBI CB/DM=0.95) based on the player's on-pitch role; left blank where role is a GK or ambiguous rotation option not yet role-confirmed this session."
40383,,0.248,,0.80,,,,"TEST RUN UPDATE (30 Aug 2026) -- same Bournemouth manager-transition CS% blend as the first Bournemouth row above (player_code 457569); see that row's note for full sourcing and calculation. Fraser Forster: status=a. | tenure_discount + bps_profile added (30 Aug 2026): Step 4a signal count for this club's manager change = 1 flag (single confirmed manager change) -> tenure_discount=0.80. bps_profile set per Core Formula table (winger/attacking-FB=1.06, high-CBI CB/DM=0.95) based on the player's on-pitch role; left blank where role is a GK or ambiguous rotation option not yet role-confirmed this session."
463981,0.90,0.248,0.95,0.80,,,,"TEST RUN UPDATE (30 Aug 2026) -- same Bournemouth manager-transition CS% blend as the first Bournemouth row above (player_code 457569); see that row's note for full sourcing and calculation. James Hill: status=a. | xm_override added 30 Aug 2026 (TEST RUN, xm follow-up): Step 4 xM Floor Rule -- Hill has an actual current-season confirmed start (2/2 GW starts, ~full minutes both (undisputed)), source: olbauday/FPL-Core-Insights playerstats.csv gw=2 snapshot (id=60), fetched fresh this run, not the historical vaastav mirror. Floor set to 0.90 per Step 4, decoupled from prior-season minutes. Not permanent -- Step 0 rechecks weekly, drops if benched/injured. | tenure_discount + bps_profile added (30 Aug 2026): Step 4a signal count for this club's manager change = 1 flag (single confirmed manager change) -> tenure_discount=0.80. bps_profile set per Core Formula table (winger/attacking-FB=1.06, high-CBI CB/DM=0.95) based on the player's on-pitch role; left blank where role is a GK or ambiguous rotation option not yet role-confirmed this session."
494521,0.90,0.248,1.06,0.80,,,,"TEST RUN UPDATE (30 Aug 2026) -- same Bournemouth manager-transition CS% blend as the first Bournemouth row above (player_code 457569); see that row's note for full sourcing and calculation. Adrien Truffert: status=a. | xm_override added 30 Aug 2026 (TEST RUN, xm follow-up): Step 4 xM Floor Rule -- Truffert has an actual current-season confirmed start (2/2 GW starts, ~full minutes both (undisputed)), source: olbauday/FPL-Core-Insights playerstats.csv gw=2 snapshot (id=61), fetched fresh this run, not the historical vaastav mirror. Floor set to 0.90 per Step 4, decoupled from prior-season minutes. Not permanent -- Step 0 rechecks weekly, drops if benched/injured. | tenure_discount + bps_profile added (30 Aug 2026): Step 4a signal count for this club's manager change = 1 flag (single confirmed manager change) -> tenure_discount=0.80. bps_profile set per Core Formula table (winger/attacking-FB=1.06, high-CBI CB/DM=0.95) based on the player's on-pitch role; left blank where role is a GK or ambiguous rotation option not yet role-confirmed this session."
242882,,0.248,0.95,0.80,,,,"TEST RUN UPDATE (30 Aug 2026) -- same Bournemouth manager-transition CS% blend as the first Bournemouth row above (player_code 457569); see that row's note for full sourcing and calculation. Bafodé Diakité: status=a. | tenure_discount + bps_profile added (30 Aug 2026): Step 4a signal count for this club's manager change = 1 flag (single confirmed manager change) -> tenure_discount=0.80. bps_profile set per Core Formula table (winger/attacking-FB=1.06, high-CBI CB/DM=0.95) based on the player's on-pitch role; left blank where role is a GK or ambiguous rotation option not yet role-confirmed this session."
54469,0.90,0.248,1.06,0.80,,,,"TEST RUN UPDATE (30 Aug 2026) -- same Bournemouth manager-transition CS% blend as the first Bournemouth row above (player_code 457569); see that row's note for full sourcing and calculation. Adam Smith: status=a. | xm_override added 30 Aug 2026 (TEST RUN, xm follow-up): Step 4 xM Floor Rule -- Smith has an actual current-season confirmed start (2/2 GW starts, ~full minutes both (undisputed)), source: olbauday/FPL-Core-Insights playerstats.csv gw=2 snapshot (id=64), fetched fresh this run, not the historical vaastav mirror. Floor set to 0.90 per Step 4, decoupled from prior-season minutes. Not permanent -- Step 0 rechecks weekly, drops if benched/injured. | tenure_discount + bps_profile added (30 Aug 2026): Step 4a signal count for this club's manager change = 1 flag (single confirmed manager change) -> tenure_discount=0.80. bps_profile set per Core Formula table (winger/attacking-FB=1.06, high-CBI CB/DM=0.95) based on the player's on-pitch role; left blank where role is a GK or ambiguous rotation option not yet role-confirmed this session."
575901,,0.248,1.06,0.80,,,,"TEST RUN UPDATE (30 Aug 2026) -- same Bournemouth manager-transition CS% blend as the first Bournemouth row above (player_code 457569); see that row's note for full sourcing and calculation. Julio Soler: status=a. | tenure_discount + bps_profile added (30 Aug 2026): Step 4a signal count for this club's manager change = 1 flag (single confirmed manager change) -> tenure_discount=0.80. bps_profile set per Core Formula table (winger/attacking-FB=1.06, high-CBI CB/DM=0.95) based on the player's on-pitch role; left blank where role is a GK or ambiguous rotation option not yet role-confirmed this session."
483067,0.90,0.248,0.95,0.80,,,,"TEST RUN UPDATE (30 Aug 2026) -- same Bournemouth manager-transition CS% blend as the first Bournemouth row above (player_code 457569); see that row's note for full sourcing and calculation. António Silva: status=a. | xm_override added 30 Aug 2026 (TEST RUN, xm follow-up): Step 4 xM Floor Rule -- Silva has an actual current-season confirmed start (2/2 GW starts, ~full minutes both (undisputed)), source: olbauday/FPL-Core-Insights playerstats.csv gw=2 snapshot (id=566), fetched fresh this run, not the historical vaastav mirror. Floor set to 0.90 per Step 4, decoupled from prior-season minutes. Not permanent -- Step 0 rechecks weekly, drops if benched/injured. | tenure_discount + bps_profile added (30 Aug 2026): Step 4a signal count for this club's manager change = 1 flag (single confirmed manager change) -> tenure_discount=0.80. bps_profile set per Core Formula table (winger/attacking-FB=1.06, high-CBI CB/DM=0.95) based on the player's on-pitch role; left blank where role is a GK or ambiguous rotation option not yet role-confirmed this session."
494928,,0.248,1.06,0.80,,,,"TEST RUN UPDATE (30 Aug 2026) -- same Bournemouth manager-transition CS% blend as the first Bournemouth row above (player_code 457569); see that row's note for full sourcing and calculation. Juanlu Sánchez: status=a. | tenure_discount + bps_profile added (30 Aug 2026): Step 4a signal count for this club's manager change = 1 flag (single confirmed manager change) -> tenure_discount=0.80. bps_profile set per Core Formula table (winger/attacking-FB=1.06, high-CBI CB/DM=0.95) based on the player's on-pitch role; left blank where role is a GK or ambiguous rotation option not yet role-confirmed this session."
215059,0.85,0.2494,,0.80,,,,"NEW ROW (30 Aug 2026). Xabi Alonso confirmed Chelsea manager since 1 Jul 2026, replacing Liam Rosenior; immediately-prior club Real Madrid (La Liga), sacked 12 Jan 2026 -- verified via Chelsea FC official, Sky Sports, Al Jazeera. Step 6 base blend: 0.5x Chelsea 2025-26 own PL clean-sheet rate 23.68% (9/38, StatMuse x2) + 0.5x Alonso's Real Madrid La Liga-only CS rate 35.0% (7/20, Wikipedia match-log recount, partially corroborated by Goal.com for first 2 games) = 29.34% historical base. CONFIDENCE FLAG: the Real Madrid La-Liga-only CS figure (7/20) is single-source-verified with only partial independent corroboration -- an alternate all-competitions figure (10/34=29.41%, Ghanaweb, corroborated match-tally via a B/R X post) would instead give a 26.55% base / 22.57% decayed figure. Using the La-Liga-only figure as primary since it matches competition type, but flagging LOW-MODERATE confidence per Standing Rule #1 (2-source bar not cleanly met) -- recommend a Transfermarkt/WhoScored manual cross-check before treating as VERIFIED. GW1 (away, Fulham, Chelsea won 3-2, conceded 2) = 0/1 clean sheets; GW2 (home vs Brighton) not yet finished at time of this pull. Decay Schedule GW2-3 (GW1-only): 0.85x29.34% + 0.15x0% = 24.94%. Mechanism-specific finding (2 sources): Chelsea have switched to a back-three/3-4-3 buildup shape under Alonso (carried over from his Real Madrid structure) -- confirmed by Chelsea FC's own site and a tactical-analysis breakdown of the Fulham match; the specific downstream defensive-weakness claim in the analysis piece was paywalled and could not be verified, so is NOT included as a finding. Sources: chelseafc.com/en/news/article/fpl-2026-27-xabi-alonsos-impact ; tacticalfootballanalysis.com/fulham-chelsea-premier-league-2026-2027-tactical-analysis-tactics ; skysports.com/football/news/11095/13544932 ; olbauday/FPL-Core-Insights GW1 data. Applied identically to every currently-available (status=a) Chelsea GK/DEF per Rule #22. Sánchez: status=a. | xm_override added 30 Aug 2026 (TEST RUN, xm follow-up): Step 4 xM Floor Rule -- Sánchez has an actual current-season confirmed start (1/2 GW starts, 90 total min (confirmed but not fully undisputed)), source: olbauday/FPL-Core-Insights playerstats.csv gw=2 snapshot (id=140), fetched fresh this run, not the historical vaastav mirror. Floor set to 0.85 per Step 4, decoupled from prior-season minutes. Not permanent -- Step 0 rechecks weekly, drops if benched/injured. | tenure_discount + bps_profile added (30 Aug 2026): Step 4a signal count for this club's manager change = 1 flag (single confirmed manager change) -> tenure_discount=0.80. bps_profile set per Core Formula table (winger/attacking-FB=1.06, high-CBI CB/DM=0.95) based on the player's on-pitch role; left blank where role is a GK or ambiguous rotation option not yet role-confirmed this session."
549939,,0.2494,,0.80,,,,"TEST RUN UPDATE (30 Aug 2026) -- same Chelsea manager-transition CS% blend as the first Chelsea row above (player_code 215059); see that row's note for full sourcing and calculation. Penders: status=a. | tenure_discount + bps_profile added (30 Aug 2026): Step 4a signal count for this club's manager change = 1 flag (single confirmed manager change) -> tenure_discount=0.80. bps_profile set per Core Formula table (winger/attacking-FB=1.06, high-CBI CB/DM=0.95) based on the player's on-pitch role; left blank where role is a GK or ambiguous rotation option not yet role-confirmed this session."
225796,0.85,0.2494,1.06,0.80,,,,"TEST RUN UPDATE (30 Aug 2026) -- same Chelsea manager-transition CS% blend as the first Chelsea row above (player_code 215059); see that row's note for full sourcing and calculation. James: status=a. | xm_override added 30 Aug 2026 (TEST RUN, xm follow-up): Step 4 xM Floor Rule -- James has an actual current-season confirmed start (1/2 GW starts, 90 total min (confirmed but not fully undisputed)), source: olbauday/FPL-Core-Insights playerstats.csv gw=2 snapshot (id=142), fetched fresh this run, not the historical vaastav mirror. Floor set to 0.85 per Step 4, decoupled from prior-season minutes. Not permanent -- Step 0 rechecks weekly, drops if benched/injured. | tenure_discount + bps_profile added (30 Aug 2026): Step 4a signal count for this club's manager change = 1 flag (single confirmed manager change) -> tenure_discount=0.80. bps_profile set per Core Formula table (winger/attacking-FB=1.06, high-CBI CB/DM=0.95) based on the player's on-pitch role; left blank where role is a GK or ambiguous rotation option not yet role-confirmed this session."
482609,0.85,0.2494,1.06,0.80,,,,"TEST RUN UPDATE (30 Aug 2026) -- same Chelsea manager-transition CS% blend as the first Chelsea row above (player_code 215059); see that row's note for full sourcing and calculation. Gusto: status=a. | xm_override added 30 Aug 2026 (TEST RUN, xm follow-up): Step 4 xM Floor Rule -- Gusto has an actual current-season confirmed start (1/2 GW starts, 75 total min (confirmed but not fully undisputed)), source: olbauday/FPL-Core-Insights playerstats.csv gw=2 snapshot (id=144), fetched fresh this run, not the historical vaastav mirror. Floor set to 0.85 per Step 4, decoupled from prior-season minutes. Not permanent -- Step 0 rechecks weekly, drops if benched/injured. | tenure_discount + bps_profile added (30 Aug 2026): Step 4a signal count for this club's manager change = 1 flag (single confirmed manager change) -> tenure_discount=0.80. bps_profile set per Core Formula table (winger/attacking-FB=1.06, high-CBI CB/DM=0.95) based on the player's on-pitch role; left blank where role is a GK or ambiguous rotation option not yet role-confirmed this session."
444463,,0.2494,0.95,0.80,,,,"TEST RUN UPDATE (30 Aug 2026) -- same Chelsea manager-transition CS% blend as the first Chelsea row above (player_code 215059); see that row's note for full sourcing and calculation. Fofana: status=a, 100% chance of playing. | tenure_discount + bps_profile added (30 Aug 2026): Step 4a signal count for this club's manager change = 1 flag (single confirmed manager change) -> tenure_discount=0.80. bps_profile set per Core Formula table (winger/attacking-FB=1.06, high-CBI CB/DM=0.95) based on the player's on-pitch role; left blank where role is a GK or ambiguous rotation option not yet role-confirmed this session."
109646,,0.2494,0.95,0.80,,,,"TEST RUN UPDATE (30 Aug 2026) -- same Chelsea manager-transition CS% blend as the first Chelsea row above (player_code 215059); see that row's note for full sourcing and calculation. Tosin: status=a. | tenure_discount + bps_profile added (30 Aug 2026): Step 4a signal count for this club's manager change = 1 flag (single confirmed manager change) -> tenure_discount=0.80. bps_profile set per Core Formula table (winger/attacking-FB=1.06, high-CBI CB/DM=0.95) based on the player's on-pitch role; left blank where role is a GK or ambiguous rotation option not yet role-confirmed this session."
551210,0.85,0.2494,0.95,0.80,,,,"TEST RUN UPDATE (30 Aug 2026) -- same Chelsea manager-transition CS% blend as the first Chelsea row above (player_code 215059); see that row's note for full sourcing and calculation. Hato: status=a. | xm_override added 30 Aug 2026 (TEST RUN, xm follow-up): Step 4 xM Floor Rule -- Hato has an actual current-season confirmed start (1/2 GW starts, 64 total min (confirmed but not fully undisputed)), source: olbauday/FPL-Core-Insights playerstats.csv gw=2 snapshot (id=148), fetched fresh this run, not the historical vaastav mirror. Floor set to 0.85 per Step 4, decoupled from prior-season minutes. Not permanent -- Step 0 rechecks weekly, drops if benched/injured. | tenure_discount + bps_profile added (30 Aug 2026): Step 4a signal count for this club's manager change = 1 flag (single confirmed manager change) -> tenure_discount=0.80. bps_profile set per Core Formula table (winger/attacking-FB=1.06, high-CBI CB/DM=0.95) based on the player's on-pitch role; left blank where role is a GK or ambiguous rotation option not yet role-confirmed this session."
460028,0.85,0.2494,0.95,0.80,,,,"TEST RUN UPDATE (30 Aug 2026) -- same Chelsea manager-transition CS% blend as the first Chelsea row above (player_code 215059); see that row's note for full sourcing and calculation. Colwill: status=a. | xm_override added 30 Aug 2026 (TEST RUN, xm follow-up): Step 4 xM Floor Rule -- Colwill has an actual current-season confirmed start (1/2 GW starts, 90 total min (confirmed but not fully undisputed)), source: olbauday/FPL-Core-Insights playerstats.csv gw=2 snapshot (id=149), fetched fresh this run, not the historical vaastav mirror. Floor set to 0.85 per Step 4, decoupled from prior-season minutes. Not permanent -- Step 0 rechecks weekly, drops if benched/injured. | tenure_discount + bps_profile added (30 Aug 2026): Step 4a signal count for this club's manager change = 1 flag (single confirmed manager change) -> tenure_discount=0.80. bps_profile set per Core Formula table (winger/attacking-FB=1.06, high-CBI CB/DM=0.95) based on the player's on-pitch role; left blank where role is a GK or ambiguous rotation option not yet role-confirmed this session."
577016,0.85,0.2494,0.95,0.80,,,,"TEST RUN UPDATE (30 Aug 2026) -- same Chelsea manager-transition CS% blend as the first Chelsea row above (player_code 215059); see that row's note for full sourcing and calculation. Acheampong: status=a. | xm_override added 30 Aug 2026 (TEST RUN, xm follow-up): Step 4 xM Floor Rule -- Acheampong has an actual current-season confirmed start (1/2 GW starts, 90 total min (confirmed but not fully undisputed)), source: olbauday/FPL-Core-Insights playerstats.csv gw=2 snapshot (id=151), fetched fresh this run, not the historical vaastav mirror. Floor set to 0.85 per Step 4, decoupled from prior-season minutes. Not permanent -- Step 0 rechecks weekly, drops if benched/injured. | tenure_discount + bps_profile added (30 Aug 2026): Step 4a signal count for this club's manager change = 1 flag (single confirmed manager change) -> tenure_discount=0.80. bps_profile set per Core Formula table (winger/attacking-FB=1.06, high-CBI CB/DM=0.95) based on the player's on-pitch role; left blank where role is a GK or ambiguous rotation option not yet role-confirmed this session."
437499,0.85,0.2494,0.95,0.80,,,,"TEST RUN UPDATE (30 Aug 2026) -- same Chelsea manager-transition CS% blend as the first Chelsea row above (player_code 215059); see that row's note for full sourcing and calculation. Lacroix: status=a -- Chelsea FC's own site names him a likely beneficiary of the new back-three shape. | xm_override added 30 Aug 2026 (TEST RUN, xm follow-up): Step 4 xM Floor Rule -- Lacroix has an actual current-season confirmed start (1/2 GW starts, 90 total min (confirmed but not fully undisputed)), source: olbauday/FPL-Core-Insights playerstats.csv gw=2 snapshot (id=200), fetched fresh this run, not the historical vaastav mirror. Floor set to 0.85 per Step 4, decoupled from prior-season minutes. Not permanent -- Step 0 rechecks weekly, drops if benched/injured. | tenure_discount + bps_profile added (30 Aug 2026): Step 4a signal count for this club's manager change = 1 flag (single confirmed manager change) -> tenure_discount=0.80. bps_profile set per Core Formula table (winger/attacking-FB=1.06, high-CBI CB/DM=0.95) based on the player's on-pitch role; left blank where role is a GK or ambiguous rotation option not yet role-confirmed this session."
622758,,0.2494,0.95,0.80,,,,"TEST RUN UPDATE (30 Aug 2026) -- same Chelsea manager-transition CS% blend as the first Chelsea row above (player_code 215059); see that row's note for full sourcing and calculation. Anselmino: status=a, 100% chance of playing. | tenure_discount + bps_profile added (30 Aug 2026): Step 4a signal count for this club's manager change = 1 flag (single confirmed manager change) -> tenure_discount=0.80. bps_profile set per Core Formula table (winger/attacking-FB=1.06, high-CBI CB/DM=0.95) based on the player's on-pitch role; left blank where role is a GK or ambiguous rotation option not yet role-confirmed this session."
498444,,0.2494,,0.80,,,,"TEST RUN UPDATE (30 Aug 2026) -- same Chelsea manager-transition CS% blend as the first Chelsea row above (player_code 215059); see that row's note for full sourcing and calculation. Chavarria: status=a. | tenure_discount + bps_profile added (30 Aug 2026): Step 4a signal count for this club's manager change = 1 flag (single confirmed manager change) -> tenure_discount=0.80. bps_profile set per Core Formula table (winger/attacking-FB=1.06, high-CBI CB/DM=0.95) based on the player's on-pitch role; left blank where role is a GK or ambiguous rotation option not yet role-confirmed this session."
220362,,0.2842,0.95,0.80,,,,"NEW ROW (30 Aug 2026). Pierre Sage confirmed Crystal Palace manager from 15 Jun 2026, replacing Oliver Glasner (who moved to Nott'm Forest); immediately-prior club RC Lens (Ligue 1) -- verified via Sky Sports, CPFC official, ESPN. Step 6 base blend: 0.5x Crystal Palace 2025-26 own PL clean-sheet rate 31.58% (12/38, StatMuse+aboutchampionships.com) + 0.5x Sage's final Lens season, 2025-26 Ligue 1, 35.29% (12/34, StatMuse, single-provider -- Transfermarkt cross-check blocked by proxy) = 33.44% historical base. Caveat (Rule #4, no numeric adjustment invented): Ligue 1 2025-26 regarded as a shallower defensive-difficulty environment outside PSG than the PL; Lens-derived half of blend carries more uncertainty. GW1 (away, Everton, lost 0-2) and GW2 (home, Man City, lost 1-4) = 0/2 clean sheets, 6 goals conceded in 2 games. Decay Schedule GW2-3: 0.85x33.44% + 0.15x0% = 28.42%. Mechanism-specific finding (2 sources): Opta/Man City's own analysis notes Palace pressing higher under Sage (league-high 19 high turnovers vs Everton in GW1) -- a specific, numbered tactical shift, not vague hype; Sage's own post-match reaction to the GW2 4-1 defeat cites a specific breaking point (conceding the third goal) and incomplete pre-season conditioning as contributing factors, not a wholesale defensive-quality collapse. Sources: mancity.com/news/mens/crystal-palace-opta-analysis-premier-league-august-2026-63923338 ; cpfc.co.uk/news/first-team/pierre-sage-reaction-palace-city-defeat ; skysports.com/football/news/11706/13552705 ; olbauday/FPL-Core-Insights GW1+GW2 data. Applied identically to every currently-available (status=a) Crystal Palace GK/DEF per Rule #22. Disasi: status=a. | tenure_discount + bps_profile added (30 Aug 2026): Step 4a signal count for this club's manager change = 1 flag (single confirmed manager change) -> tenure_discount=0.80. bps_profile set per Core Formula table (winger/attacking-FB=1.06, high-CBI CB/DM=0.95) based on the player's on-pitch role; left blank where role is a GK or ambiguous rotation option not yet role-confirmed this session."
172649,0.90,0.2842,,0.80,,,,"TEST RUN UPDATE (30 Aug 2026) -- same Crystal Palace manager-transition CS% blend as the first Crystal Palace row above (player_code 220362); see that row's note for full sourcing and calculation. Henderson: status=a. | xm_override added 30 Aug 2026 (TEST RUN, xm follow-up): Step 4 xM Floor Rule -- Henderson has an actual current-season confirmed start (2/2 GW starts, ~full minutes both (undisputed)), source: olbauday/FPL-Core-Insights playerstats.csv gw=2 snapshot (id=198), fetched fresh this run, not the historical vaastav mirror. Floor set to 0.90 per Step 4, decoupled from prior-season minutes. Not permanent -- Step 0 rechecks weekly, drops if benched/injured. | tenure_discount + bps_profile added (30 Aug 2026): Step 4a signal count for this club's manager change = 1 flag (single confirmed manager change) -> tenure_discount=0.80. bps_profile set per Core Formula table (winger/attacking-FB=1.06, high-CBI CB/DM=0.95) based on the player's on-pitch role; left blank where role is a GK or ambiguous rotation option not yet role-confirmed this session."
121709,,0.2842,,0.80,,,,"TEST RUN UPDATE (30 Aug 2026) -- same Crystal Palace manager-transition CS% blend as the first Crystal Palace row above (player_code 220362); see that row's note for full sourcing and calculation. Benitez: status=a. | tenure_discount + bps_profile added (30 Aug 2026): Step 4a signal count for this club's manager change = 1 flag (single confirmed manager change) -> tenure_discount=0.80. bps_profile set per Core Formula table (winger/attacking-FB=1.06, high-CBI CB/DM=0.95) based on the player's on-pitch role; left blank where role is a GK or ambiguous rotation option not yet role-confirmed this session."
247348,0.85,0.2842,1.06,0.80,,,,"TEST RUN UPDATE (30 Aug 2026) -- same Crystal Palace manager-transition CS% blend as the first Crystal Palace row above (player_code 220362); see that row's note for full sourcing and calculation. Muñoz: status=a. | xm_override added 30 Aug 2026 (TEST RUN, xm follow-up): Step 4 xM Floor Rule -- Muñoz has an actual current-season confirmed start (1/2 GW starts, 54 total min (confirmed but not fully undisputed)), source: olbauday/FPL-Core-Insights playerstats.csv gw=2 snapshot (id=201), fetched fresh this run, not the historical vaastav mirror. Floor set to 0.85 per Step 4, decoupled from prior-season minutes. Not permanent -- Step 0 rechecks weekly, drops if benched/injured. | tenure_discount + bps_profile added (30 Aug 2026): Step 4a signal count for this club's manager change = 1 flag (single confirmed manager change) -> tenure_discount=0.80. bps_profile set per Core Formula table (winger/attacking-FB=1.06, high-CBI CB/DM=0.95) based on the player's on-pitch role; left blank where role is a GK or ambiguous rotation option not yet role-confirmed this session."
427623,0.90,0.2842,1.06,0.80,,,,"TEST RUN UPDATE (30 Aug 2026) -- same Crystal Palace manager-transition CS% blend as the first Crystal Palace row above (player_code 220362); see that row's note for full sourcing and calculation. Richards: status=a. | xm_override added 30 Aug 2026 (TEST RUN, xm follow-up): Step 4 xM Floor Rule -- Richards has an actual current-season confirmed start (2/2 GW starts, ~full minutes both (undisputed)), source: olbauday/FPL-Core-Insights playerstats.csv gw=2 snapshot (id=202), fetched fresh this run, not the historical vaastav mirror. Floor set to 0.90 per Step 4, decoupled from prior-season minutes. Not permanent -- Step 0 rechecks weekly, drops if benched/injured. | tenure_discount + bps_profile added (30 Aug 2026): Step 4a signal count for this club's manager change = 1 flag (single confirmed manager change) -> tenure_discount=0.80. bps_profile set per Core Formula table (winger/attacking-FB=1.06, high-CBI CB/DM=0.95) based on the player's on-pitch role; left blank where role is a GK or ambiguous rotation option not yet role-confirmed this session."
651426,0.90,0.2842,0.95,0.80,,,,"TEST RUN UPDATE (30 Aug 2026) -- same Crystal Palace manager-transition CS% blend as the first Crystal Palace row above (player_code 220362); see that row's note for full sourcing and calculation. Canvot: status=a. | xm_override added 30 Aug 2026 (TEST RUN, xm follow-up): Step 4 xM Floor Rule -- Canvot has an actual current-season confirmed start (2/2 GW starts, ~full minutes both (undisputed)), source: olbauday/FPL-Core-Insights playerstats.csv gw=2 snapshot (id=203), fetched fresh this run, not the historical vaastav mirror. Floor set to 0.90 per Step 4, decoupled from prior-season minutes. Not permanent -- Step 0 rechecks weekly, drops if benched/injured. | tenure_discount + bps_profile added (30 Aug 2026): Step 4a signal count for this club's manager change = 1 flag (single confirmed manager change) -> tenure_discount=0.80. bps_profile set per Core Formula table (winger/attacking-FB=1.06, high-CBI CB/DM=0.95) based on the player's on-pitch role; left blank where role is a GK or ambiguous rotation option not yet role-confirmed this session."
244723,0.90,0.2842,1.06,0.80,,,,"TEST RUN UPDATE (30 Aug 2026) -- same Crystal Palace manager-transition CS% blend as the first Crystal Palace row above (player_code 220362); see that row's note for full sourcing and calculation. Mitchell: status=a. | xm_override added 30 Aug 2026 (TEST RUN, xm follow-up): Step 4 xM Floor Rule -- Mitchell has an actual current-season confirmed start (2/2 GW starts, ~full minutes both (undisputed)), source: olbauday/FPL-Core-Insights playerstats.csv gw=2 snapshot (id=204), fetched fresh this run, not the historical vaastav mirror. Floor set to 0.90 per Step 4, decoupled from prior-season minutes. Not permanent -- Step 0 rechecks weekly, drops if benched/injured. | tenure_discount + bps_profile added (30 Aug 2026): Step 4a signal count for this club's manager change = 1 flag (single confirmed manager change) -> tenure_discount=0.80. bps_profile set per Core Formula table (winger/attacking-FB=1.06, high-CBI CB/DM=0.95) based on the player's on-pitch role; left blank where role is a GK or ambiguous rotation option not yet role-confirmed this session."
218364,,0.2842,1.06,0.80,,,,"TEST RUN UPDATE (30 Aug 2026) -- same Crystal Palace manager-transition CS% blend as the first Crystal Palace row above (player_code 220362); see that row's note for full sourcing and calculation. Sosa: status=a. | tenure_discount + bps_profile added (30 Aug 2026): Step 4a signal count for this club's manager change = 1 flag (single confirmed manager change) -> tenure_discount=0.80. bps_profile set per Core Formula table (winger/attacking-FB=1.06, high-CBI CB/DM=0.95) based on the player's on-pitch role; left blank where role is a GK or ambiguous rotation option not yet role-confirmed this session."
242313,,0.2842,0.95,0.80,,,,"TEST RUN UPDATE (30 Aug 2026) -- same Crystal Palace manager-transition CS% blend as the first Crystal Palace row above (player_code 220362); see that row's note for full sourcing and calculation. Mingueza: status=a. | tenure_discount + bps_profile added (30 Aug 2026): Step 4a signal count for this club's manager change = 1 flag (single confirmed manager change) -> tenure_discount=0.80. bps_profile set per Core Formula table (winger/attacking-FB=1.06, high-CBI CB/DM=0.95) based on the player's on-pitch role; left blank where role is a GK or ambiguous rotation option not yet role-confirmed this session."
169593,,0.2842,,0.80,,,,"TEST RUN UPDATE (30 Aug 2026) -- same Crystal Palace manager-transition CS% blend as the first Crystal Palace row above (player_code 220362); see that row's note for full sourcing and calculation. Matthews: status=a. | tenure_discount + bps_profile added (30 Aug 2026): Step 4a signal count for this club's manager change = 1 flag (single confirmed manager change) -> tenure_discount=0.80. bps_profile set per Core Formula table (winger/attacking-FB=1.06, high-CBI CB/DM=0.95) based on the player's on-pitch role; left blank where role is a GK or ambiguous rotation option not yet role-confirmed this session."
223723,0.85,0.2842,0.95,0.80,,,,"TEST RUN UPDATE (30 Aug 2026) -- same Crystal Palace manager-transition CS% blend as the first Crystal Palace row above (player_code 220362); see that row's note for full sourcing and calculation. Tomiyasu: status=a. | xm_override added 30 Aug 2026 (TEST RUN, xm follow-up): Step 4 xM Floor Rule -- Tomiyasu has an actual current-season confirmed start (1/2 GW starts, 91 total min (confirmed but not fully undisputed)), source: olbauday/FPL-Core-Insights playerstats.csv gw=2 snapshot (id=577), fetched fresh this run, not the historical vaastav mirror. Floor set to 0.85 per Step 4, decoupled from prior-season minutes. Not permanent -- Step 0 rechecks weekly, drops if benched/injured. | tenure_discount + bps_profile added (30 Aug 2026): Step 4a signal count for this club's manager change = 1 flag (single confirmed manager change) -> tenure_discount=0.80. bps_profile set per Core Formula table (winger/attacking-FB=1.06, high-CBI CB/DM=0.95) based on the player's on-pitch role; left blank where role is a GK or ambiguous rotation option not yet role-confirmed this session."
570794,0.85,0.2842,1.06,0.80,,,,"TEST RUN UPDATE (30 Aug 2026) -- same Crystal Palace manager-transition CS% blend as the first Crystal Palace row above (player_code 220362); see that row's note for full sourcing and calculation. Khalaili: status=a. | xm_override added 30 Aug 2026 (TEST RUN, xm follow-up): Step 4 xM Floor Rule -- Khalaili has an actual current-season confirmed start (1/2 GW starts, 109 total min (confirmed but not fully undisputed)), source: olbauday/FPL-Core-Insights playerstats.csv gw=2 snapshot (id=588), fetched fresh this run, not the historical vaastav mirror. Floor set to 0.85 per Step 4, decoupled from prior-season minutes. Not permanent -- Step 0 rechecks weekly, drops if benched/injured. | tenure_discount + bps_profile added (30 Aug 2026): Step 4a signal count for this club's manager change = 1 flag (single confirmed manager change) -> tenure_discount=0.80. bps_profile set per Core Formula table (winger/attacking-FB=1.06, high-CBI CB/DM=0.95) based on the player's on-pitch role; left blank where role is a GK or ambiguous rotation option not yet role-confirmed this session."
80201,0.85,0.2423,,0.80,,,,"NEW ROW (30 Aug 2026). Alvaro Arbeloa confirmed Fulham head coach from 7 Jul 2026, replacing Marco Silva (departed for Benfica); immediately-prior role Real Madrid first team (interim, 12 Jan-May 2026, replacing sacked Xabi Alonso) -- verified via Fulham FC official, Sky Sports, beIN Sports. FLAG: Arbeloa's Real Madrid stint was a half-season interim spell, not a full managerial season -- his only prior senior HC job before that was Real Madrid Castilla (reserves). Widen confidence band accordingly; fallback-to-club-own-base rule NOT invoked since a genuinely comparable senior first-team sample exists. Step 6 base blend: 0.5x Fulham 2025-26 own PL clean-sheet rate 23.68% (9/38, StatMuse x2) + 0.5x Arbeloa's Real Madrid La Liga-only CS rate 33.33% (6/18, manually recounted from Wikipedia match log, corroborated by an independent StatMuse query on the same 6 matches) = 28.51% historical base. GW1 (home, Chelsea, lost 2-3, conceded 3) = 0/1 clean sheets; GW2 (away, Sunderland) not yet finished at time of pull. Decay Schedule GW2-3 (GW1-only): 0.85x28.51% + 0.15x0% = 24.23%. Mechanism-specific finding (2 sources): Fulham built up in a fluid, press-vulnerable shape under Arbeloa (base 4-2-3-1 shifting to an advanced 2-2-4-1-1, CBs pushed wide, full-backs high) that a tactical-analysis piece and a second outlet both tie directly to Chelsea's 1st and 3rd goals in GW1 -- an early new-system defensive fragility, flagged as a qualitative confidence-lowering annotation, not a numeric input. Sources: tacticalfootballanalysis.com/fulham-chelsea-premier-league-2026-2027-tactical-analysis-tactics ; sports.yahoo.com/articles/fulham-defeated-against-chelsea-system-143317179 ; skysports.com/football/news/11095/13553985 ; olbauday/FPL-Core-Insights GW1 data. Applied identically to every currently-available (status=a) Fulham GK/DEF per Rule #22. Bernd Leno: status=a. | xm_override added 30 Aug 2026 (TEST RUN, xm follow-up): Step 4 xM Floor Rule -- Leno has an actual current-season confirmed start (1/2 GW starts, 90 total min (confirmed but not fully undisputed)), source: olbauday/FPL-Core-Insights playerstats.csv gw=2 snapshot (id=250), fetched fresh this run, not the historical vaastav mirror. Floor set to 0.85 per Step 4, decoupled from prior-season minutes. Not permanent -- Step 0 rechecks weekly, drops if benched/injured. | tenure_discount + bps_profile added (30 Aug 2026): Step 4a signal count for this club's manager change = 1 flag (single confirmed manager change) -> tenure_discount=0.80. bps_profile set per Core Formula table (winger/attacking-FB=1.06, high-CBI CB/DM=0.95) based on the player's on-pitch role; left blank where role is a GK or ambiguous rotation option not yet role-confirmed this session."
86873,,0.2423,,0.80,,,,"TEST RUN UPDATE (30 Aug 2026) -- same Fulham manager-transition CS% blend as the first Fulham row above (player_code 80201); see that row's note for full sourcing and calculation. Benjamin Lecomte: status=a. | tenure_discount + bps_profile added (30 Aug 2026): Step 4a signal count for this club's manager change = 1 flag (single confirmed manager change) -> tenure_discount=0.80. bps_profile set per Core Formula table (winger/attacking-FB=1.06, high-CBI CB/DM=0.95) based on the player's on-pitch role; left blank where role is a GK or ambiguous rotation option not yet role-confirmed this session."
505079,,0.2423,,0.80,,,,"TEST RUN UPDATE (30 Aug 2026) -- same Fulham manager-transition CS% blend as the first Fulham row above (player_code 80201); see that row's note for full sourcing and calculation. Alfie McNally: status=a. | tenure_discount + bps_profile added (30 Aug 2026): Step 4a signal count for this club's manager change = 1 flag (single confirmed manager change) -> tenure_discount=0.80. bps_profile set per Core Formula table (winger/attacking-FB=1.06, high-CBI CB/DM=0.95) based on the player's on-pitch role; left blank where role is a GK or ambiguous rotation option not yet role-confirmed this session."
174874,,0.2423,0.95,0.80,,,,"TEST RUN UPDATE (30 Aug 2026) -- same Fulham manager-transition CS% blend as the first Fulham row above (player_code 80201); see that row's note for full sourcing and calculation. Joachim Andersen: status=a. | tenure_discount + bps_profile added (30 Aug 2026): Step 4a signal count for this club's manager change = 1 flag (single confirmed manager change) -> tenure_discount=0.80. bps_profile set per Core Formula table (winger/attacking-FB=1.06, high-CBI CB/DM=0.95) based on the player's on-pitch role; left blank where role is a GK or ambiguous rotation option not yet role-confirmed this session."
169528,0.85,0.2423,1.06,0.80,,,,"TEST RUN UPDATE (30 Aug 2026) -- same Fulham manager-transition CS% blend as the first Fulham row above (player_code 80201); see that row's note for full sourcing and calculation. Antonee Robinson: status=a. | xm_override added 30 Aug 2026 (TEST RUN, xm follow-up): Step 4 xM Floor Rule -- Robinson has an actual current-season confirmed start (1/2 GW starts, 81 total min (confirmed but not fully undisputed)), source: olbauday/FPL-Core-Insights playerstats.csv gw=2 snapshot (id=254), fetched fresh this run, not the historical vaastav mirror. Floor set to 0.85 per Step 4, decoupled from prior-season minutes. Not permanent -- Step 0 rechecks weekly, drops if benched/injured. | tenure_discount + bps_profile added (30 Aug 2026): Step 4a signal count for this club's manager change = 1 flag (single confirmed manager change) -> tenure_discount=0.80. bps_profile set per Core Formula table (winger/attacking-FB=1.06, high-CBI CB/DM=0.95) based on the player's on-pitch role; left blank where role is a GK or ambiguous rotation option not yet role-confirmed this session."
246301,0.85,0.2423,0.95,0.80,,,,"TEST RUN UPDATE (30 Aug 2026) -- same Fulham manager-transition CS% blend as the first Fulham row above (player_code 80201); see that row's note for full sourcing and calculation. Jorge Cuenca: status=a. | xm_override added 30 Aug 2026 (TEST RUN, xm follow-up): Step 4 xM Floor Rule -- J.Cuenca has an actual current-season confirmed start (1/2 GW starts, 90 total min (confirmed but not fully undisputed)), source: olbauday/FPL-Core-Insights playerstats.csv gw=2 snapshot (id=255), fetched fresh this run, not the historical vaastav mirror. Floor set to 0.85 per Step 4, decoupled from prior-season minutes. Not permanent -- Step 0 rechecks weekly, drops if benched/injured. | tenure_discount + bps_profile added (30 Aug 2026): Step 4a signal count for this club's manager change = 1 flag (single confirmed manager change) -> tenure_discount=0.80. bps_profile set per Core Formula table (winger/attacking-FB=1.06, high-CBI CB/DM=0.95) based on the player's on-pitch role; left blank where role is a GK or ambiguous rotation option not yet role-confirmed this session."
167074,,0.2423,1.06,0.80,,,,"TEST RUN UPDATE (30 Aug 2026) -- same Fulham manager-transition CS% blend as the first Fulham row above (player_code 80201); see that row's note for full sourcing and calculation. Kenny Tete: status=a. | tenure_discount + bps_profile added (30 Aug 2026): Step 4a signal count for this club's manager change = 1 flag (single confirmed manager change) -> tenure_discount=0.80. bps_profile set per Core Formula table (winger/attacking-FB=1.06, high-CBI CB/DM=0.95) based on the player's on-pitch role; left blank where role is a GK or ambiguous rotation option not yet role-confirmed this session."
232892,0.85,0.2423,0.95,0.80,,,,"TEST RUN UPDATE (30 Aug 2026) -- same Fulham manager-transition CS% blend as the first Fulham row above (player_code 80201); see that row's note for full sourcing and calculation. Calvin Bassey: status=a. | xm_override added 30 Aug 2026 (TEST RUN, xm follow-up): Step 4 xM Floor Rule -- Bassey has an actual current-season confirmed start (1/2 GW starts, 90 total min (confirmed but not fully undisputed)), source: olbauday/FPL-Core-Insights playerstats.csv gw=2 snapshot (id=257), fetched fresh this run, not the historical vaastav mirror. Floor set to 0.85 per Step 4, decoupled from prior-season minutes. Not permanent -- Step 0 rechecks weekly, drops if benched/injured. | tenure_discount + bps_profile added (30 Aug 2026): Step 4a signal count for this club's manager change = 1 flag (single confirmed manager change) -> tenure_discount=0.80. bps_profile set per Core Formula table (winger/attacking-FB=1.06, high-CBI CB/DM=0.95) based on the player's on-pitch role; left blank where role is a GK or ambiguous rotation option not yet role-confirmed this session."
166477,0.85,0.2423,1.06,0.80,,,,"TEST RUN UPDATE (30 Aug 2026) -- same Fulham manager-transition CS% blend as the first Fulham row above (player_code 80201); see that row's note for full sourcing and calculation. Timothy Castagne: status=a. | xm_override added 30 Aug 2026 (TEST RUN, xm follow-up): Step 4 xM Floor Rule -- Castagne has an actual current-season confirmed start (1/2 GW starts, 90 total min (confirmed but not fully undisputed)), source: olbauday/FPL-Core-Insights playerstats.csv gw=2 snapshot (id=258), fetched fresh this run, not the historical vaastav mirror. Floor set to 0.85 per Step 4, decoupled from prior-season minutes. Not permanent -- Step 0 rechecks weekly, drops if benched/injured. | tenure_discount + bps_profile added (30 Aug 2026): Step 4a signal count for this club's manager change = 1 flag (single confirmed manager change) -> tenure_discount=0.80. bps_profile set per Core Formula table (winger/attacking-FB=1.06, high-CBI CB/DM=0.95) based on the player's on-pitch role; left blank where role is a GK or ambiguous rotation option not yet role-confirmed this session."
184349,,0.2423,1.06,0.80,,,,"TEST RUN UPDATE (30 Aug 2026) -- same Fulham manager-transition CS% blend as the first Fulham row above (player_code 80201); see that row's note for full sourcing and calculation. Ryan Sessegnon: status=a. | tenure_discount + bps_profile added (30 Aug 2026): Step 4a signal count for this club's manager change = 1 flag (single confirmed manager change) -> tenure_discount=0.80. bps_profile set per Core Formula table (winger/attacking-FB=1.06, high-CBI CB/DM=0.95) based on the player's on-pitch role; left blank where role is a GK or ambiguous rotation option not yet role-confirmed this session."
108813,,0.2130,,0.80,,,,"NEW ROW (30 Aug 2026). Gary O'Neil confirmed Ipswich Town manager from 23 Jun 2026, replacing Kieran McKenna (stepped down, back-to-back promotions); immediately-prior club RC Strasbourg (Ligue 1, half-season, Jan-Jun 2026); last genuine FULL season was Wolves 2023-24 (PL) -- verified via ITFC official, Sky Sports, ESPN. TIER FLAG: Ipswich are newly promoted -- their own 2025-26 rate is Championship (36.96%, 17/46, fantasyfootballscout.co.uk + FotMob), a different statistical population than the PL. Manager's rate used is Wolves 2023-24 PL, 13.16% (5/38, StatMuse+Soccerway+FotMob, 3 sources) -- his more-recent Strasbourg half-season figure (2/14=14.29%) is UNVERIFIED (single AI-summarized read, no 2nd source) and NOT used. Step 6 base blend: 0.5x36.96% + 0.5x13.16% = 25.06% historical base -- wide uncertainty band recommended (cross-tier mismatch on both halves), revisit once 5-6 PL games exist. GW1 (home, Sunderland, won 2-1, conceded 1) = 0/1 clean sheets; GW2 (away, Man Utd) not yet finished at time of pull. Decay Schedule GW2-3 (GW1-only): 0.85x25.06% + 0.15x0% = 21.30%. Mechanism-specific finding (2 sources, direct manager quote): O'Neil selected 3 natural centre-half body-types in a back four for GW2 at Man Utd specifically to counter a named opposition set-piece weakness (Man Utd conceded 2 set-piece goals to Hull in their opener) -- 'To have three centre-half types in your back four helps us from set pieces, size-wise.' A second outlet frames this as a back-four-vs-back-five tactical question given Man Utd's recent record against back-five sides. Sources: readmanutd.com/2026/08/24/man-utd-vs-ipswich-oneil-tactical-switch-raises-carrick-concern ; suffolknews.co.uk/ipswich/sport/ipswich-town-column-fellow-promoted-side-shows-how-to-toppl-9480360 ; itfc.co.uk official ; olbauday/FPL-Core-Insights GW1 data. Applied identically to every currently-available (status=a) Ipswich Town GK/DEF per Rule #22. Walton: status=a. | tenure_discount + bps_profile added (30 Aug 2026): Step 4a signal count for this club's manager change = 1 flag (single confirmed manager change) -> tenure_discount=0.80. bps_profile set per Core Formula table (winger/attacking-FB=1.06, high-CBI CB/DM=0.95) based on the player's on-pitch role; left blank where role is a GK or ambiguous rotation option not yet role-confirmed this session."
112520,,0.2130,,0.80,,,,"TEST RUN UPDATE (30 Aug 2026) -- same Ipswich Town manager-transition CS% blend as the first Ipswich Town row above (player_code 108813); see that row's note for full sourcing and calculation. Palmer: status=a. | tenure_discount + bps_profile added (30 Aug 2026): Step 4a signal count for this club's manager change = 1 flag (single confirmed manager change) -> tenure_discount=0.80. bps_profile set per Core Formula table (winger/attacking-FB=1.06, high-CBI CB/DM=0.95) based on the player's on-pitch role; left blank where role is a GK or ambiguous rotation option not yet role-confirmed this session."
50093,,0.2130,,0.80,,,,"TEST RUN UPDATE (30 Aug 2026) -- same Ipswich Town manager-transition CS% blend as the first Ipswich Town row above (player_code 108813); see that row's note for full sourcing and calculation. Button: status=a. | tenure_discount + bps_profile added (30 Aug 2026): Step 4a signal count for this club's manager change = 1 flag (single confirmed manager change) -> tenure_discount=0.80. bps_profile set per Core Formula table (winger/attacking-FB=1.06, high-CBI CB/DM=0.95) based on the player's on-pitch role; left blank where role is a GK or ambiguous rotation option not yet role-confirmed this session."
240514,0.85,0.2130,,0.80,,,,"TEST RUN UPDATE (30 Aug 2026) -- same Ipswich Town manager-transition CS% blend as the first Ipswich Town row above (player_code 108813); see that row's note for full sourcing and calculation. Scherpen: status=a, GW1 starting GK (90 min). | xm_override added 30 Aug 2026 (TEST RUN, xm follow-up): Step 4 xM Floor Rule -- Scherpen has an actual current-season confirmed start (1/2 GW starts, 90 total min (confirmed but not fully undisputed)), source: olbauday/FPL-Core-Insights playerstats.csv gw=2 snapshot (id=564), fetched fresh this run, not the historical vaastav mirror. Floor set to 0.85 per Step 4, decoupled from prior-season minutes. Not permanent -- Step 0 rechecks weekly, drops if benched/injured. | tenure_discount + bps_profile added (30 Aug 2026): Step 4a signal count for this club's manager change = 1 flag (single confirmed manager change) -> tenure_discount=0.80. bps_profile set per Core Formula table (winger/attacking-FB=1.06, high-CBI CB/DM=0.95) based on the player's on-pitch role; left blank where role is a GK or ambiguous rotation option not yet role-confirmed this session."
219924,0.85,0.2130,0.95,0.80,,,,"TEST RUN UPDATE (30 Aug 2026) -- same Ipswich Town manager-transition CS% blend as the first Ipswich Town row above (player_code 108813); see that row's note for full sourcing and calculation. Diop: status=a, GW1 starter (90 min), named as one of 3 CB-types. | xm_override added 30 Aug 2026 (TEST RUN, xm follow-up): Step 4 xM Floor Rule -- Diop has an actual current-season confirmed start (1/2 GW starts, 90 total min (confirmed but not fully undisputed)), source: olbauday/FPL-Core-Insights playerstats.csv gw=2 snapshot (id=259), fetched fresh this run, not the historical vaastav mirror. Floor set to 0.85 per Step 4, decoupled from prior-season minutes. Not permanent -- Step 0 rechecks weekly, drops if benched/injured. | tenure_discount + bps_profile added (30 Aug 2026): Step 4a signal count for this club's manager change = 1 flag (single confirmed manager change) -> tenure_discount=0.80. bps_profile set per Core Formula table (winger/attacking-FB=1.06, high-CBI CB/DM=0.95) based on the player's on-pitch role; left blank where role is a GK or ambiguous rotation option not yet role-confirmed this session."
183015,,0.2130,0.95,0.80,,,,"TEST RUN UPDATE (30 Aug 2026) -- same Ipswich Town manager-transition CS% blend as the first Ipswich Town row above (player_code 108813); see that row's note for full sourcing and calculation. Kipré: status=a. | tenure_discount + bps_profile added (30 Aug 2026): Step 4a signal count for this club's manager change = 1 flag (single confirmed manager change) -> tenure_discount=0.80. bps_profile set per Core Formula table (winger/attacking-FB=1.06, high-CBI CB/DM=0.95) based on the player's on-pitch role; left blank where role is a GK or ambiguous rotation option not yet role-confirmed this session."
216616,0.85,0.2130,1.06,0.80,,,,"TEST RUN UPDATE (30 Aug 2026) -- same Ipswich Town manager-transition CS% blend as the first Ipswich Town row above (player_code 108813); see that row's note for full sourcing and calculation. O'Shea: status=a, GW1 starter (90 min), deployed at RB as a 3rd CB-type for aerial cover. | xm_override added 30 Aug 2026 (TEST RUN, xm follow-up): Step 4 xM Floor Rule -- O'Shea has an actual current-season confirmed start (1/2 GW starts, 90 total min (confirmed but not fully undisputed)), source: olbauday/FPL-Core-Insights playerstats.csv gw=2 snapshot (id=304), fetched fresh this run, not the historical vaastav mirror. Floor set to 0.85 per Step 4, decoupled from prior-season minutes. Not permanent -- Step 0 rechecks weekly, drops if benched/injured. | tenure_discount + bps_profile added (30 Aug 2026): Step 4a signal count for this club's manager change = 1 flag (single confirmed manager change) -> tenure_discount=0.80. bps_profile set per Core Formula table (winger/attacking-FB=1.06, high-CBI CB/DM=0.95) based on the player's on-pitch role; left blank where role is a GK or ambiguous rotation option not yet role-confirmed this session."
455084,0.85,0.2130,0.95,0.80,,,,"TEST RUN UPDATE (30 Aug 2026) -- same Ipswich Town manager-transition CS% blend as the first Ipswich Town row above (player_code 108813); see that row's note for full sourcing and calculation. Davis: status=a, GW1 starter (90 min). | xm_override added 30 Aug 2026 (TEST RUN, xm follow-up): Step 4 xM Floor Rule -- Davis has an actual current-season confirmed start (1/2 GW starts, 90 total min (confirmed but not fully undisputed)), source: olbauday/FPL-Core-Insights playerstats.csv gw=2 snapshot (id=305), fetched fresh this run, not the historical vaastav mirror. Floor set to 0.85 per Step 4, decoupled from prior-season minutes. Not permanent -- Step 0 rechecks weekly, drops if benched/injured. | tenure_discount + bps_profile added (30 Aug 2026): Step 4a signal count for this club's manager change = 1 flag (single confirmed manager change) -> tenure_discount=0.80. bps_profile set per Core Formula table (winger/attacking-FB=1.06, high-CBI CB/DM=0.95) based on the player's on-pitch role; left blank where role is a GK or ambiguous rotation option not yet role-confirmed this session."
449429,0.85,0.2130,0.95,0.80,,,,"TEST RUN UPDATE (30 Aug 2026) -- same Ipswich Town manager-transition CS% blend as the first Ipswich Town row above (player_code 108813); see that row's note for full sourcing and calculation. Greaves: status=a, GW1 starter (90 min), named as one of 3 CB-types. | xm_override added 30 Aug 2026 (TEST RUN, xm follow-up): Step 4 xM Floor Rule -- Greaves has an actual current-season confirmed start (1/2 GW starts, 90 total min (confirmed but not fully undisputed)), source: olbauday/FPL-Core-Insights playerstats.csv gw=2 snapshot (id=306), fetched fresh this run, not the historical vaastav mirror. Floor set to 0.85 per Step 4, decoupled from prior-season minutes. Not permanent -- Step 0 rechecks weekly, drops if benched/injured. | tenure_discount + bps_profile added (30 Aug 2026): Step 4a signal count for this club's manager change = 1 flag (single confirmed manager change) -> tenure_discount=0.80. bps_profile set per Core Formula table (winger/attacking-FB=1.06, high-CBI CB/DM=0.95) based on the player's on-pitch role; left blank where role is a GK or ambiguous rotation option not yet role-confirmed this session."
222018,,0.2130,,0.80,,,,"TEST RUN UPDATE (30 Aug 2026) -- same Ipswich Town manager-transition CS% blend as the first Ipswich Town row above (player_code 108813); see that row's note for full sourcing and calculation. Johnson: status=a. | tenure_discount + bps_profile added (30 Aug 2026): Step 4a signal count for this club's manager change = 1 flag (single confirmed manager change) -> tenure_discount=0.80. bps_profile set per Core Formula table (winger/attacking-FB=1.06, high-CBI CB/DM=0.95) based on the player's on-pitch role; left blank where role is a GK or ambiguous rotation option not yet role-confirmed this session."
176420,,0.2130,,0.80,,,,"TEST RUN UPDATE (30 Aug 2026) -- same Ipswich Town manager-transition CS% blend as the first Ipswich Town row above (player_code 108813); see that row's note for full sourcing and calculation. Furlong: status=a. | tenure_discount + bps_profile added (30 Aug 2026): Step 4a signal count for this club's manager change = 1 flag (single confirmed manager change) -> tenure_discount=0.80. bps_profile set per Core Formula table (winger/attacking-FB=1.06, high-CBI CB/DM=0.95) based on the player's on-pitch role; left blank where role is a GK or ambiguous rotation option not yet role-confirmed this session."
572584,,0.2130,,0.80,,,,"TEST RUN UPDATE (30 Aug 2026) -- same Ipswich Town manager-transition CS% blend as the first Ipswich Town row above (player_code 108813); see that row's note for full sourcing and calculation. Ouattara: status=a, 10 min GW1. | tenure_discount + bps_profile added (30 Aug 2026): Step 4a signal count for this club's manager change = 1 flag (single confirmed manager change) -> tenure_discount=0.80. bps_profile set per Core Formula table (winger/attacking-FB=1.06, high-CBI CB/DM=0.95) based on the player's on-pitch role; left blank where role is a GK or ambiguous rotation option not yet role-confirmed this session."
204936,0.90,0.3020,,0.80,,,,"NEW ROW (30 Aug 2026). Enzo Maresca confirmed Man City manager from summer 2026, replacing Pep Guardiola (departed after 10-year tenure, farewell match 24 May 2026 vs Aston Villa); immediately-prior club Chelsea, left 1 Jan 2026 mid-season, last FULL season 2024-25 -- verified via mancity.com official, Sky Sports, Al Jazeera. Step 6 base blend: 0.5x Man City 2025-26 own PL clean-sheet rate 42.11% (16/38, StatMuse + partial GK corroboration) + 0.5x Maresca's final full Chelsea season, 2024-25 PL, 28.95% (11/38, 3 sources: StatMuse, MyFootballFacts, FotMob, exact agreement) = 35.53% historical base. Caveat (Rule #4, no numeric adjustment invented): Chelsea 2024-25 finished 4th; Man City is a materially higher-resourced squad -- blending a mid-table-quality defensive record 50/50 with a top-2 club's own record conflates two different squad-quality baselines. GW1 (home, Bournemouth, won 2-1, conceded 1) and GW2 (away, Crystal Palace, won 4-1, conceded 1) = 0/2 clean sheets. Decay Schedule GW2-3: 0.85x35.53% + 0.15x0% = 30.20%. Mechanism-specific finding (2 sources incl. direct player quote): Maresca's system is a zonal high-press block that deliberately leaves a hard-to-access far-side weak spot as a trade-off for ball-side pressure -- Gvardiol on-record: 'our habit is slightly different than what he wants from us,' with City's defense described as 'disjointed' in the first half vs Bournemouth before tightening up -- consistent with an in-progress system-adaptation explanation for early defensive inconsistency, not pure variance. Secondary finding: a named right-back depth gap (Nunes/Lewis) flagged by Opta Analyst squad audit. Sources: squawka.com/en/features/enzo-maresca-manchester-city-pre-season-tactics ; esteemedkompany.com/2026/08/26/the-tweaks-that-enzo-maresca-is-implementing-at-manchester-city-will-take-time-to-download ; skysports.com/football/news/11679/13548773 ; theanalyst.com/articles/man-city-premier-league-squad-audit-2026-27-transfers-stats ; olbauday/FPL-Core-Insights GW1+GW2 data. Applied identically to every currently-available (status=a) Man City GK/DEF per Rule #22. Donnarumma: status=a. | xm_override added 30 Aug 2026 (TEST RUN, xm follow-up): Step 4 xM Floor Rule -- Donnarumma has an actual current-season confirmed start (2/2 GW starts, ~full minutes both (undisputed)), source: olbauday/FPL-Core-Insights playerstats.csv gw=2 snapshot (id=384), fetched fresh this run, not the historical vaastav mirror. Floor set to 0.90 per Step 4, decoupled from prior-season minutes. Not permanent -- Step 0 rechecks weekly, drops if benched/injured. | tenure_discount + bps_profile added (30 Aug 2026): Step 4a signal count for this club's manager change = 1 flag (single confirmed manager change) -> tenure_discount=0.80. bps_profile set per Core Formula table (winger/attacking-FB=1.06, high-CBI CB/DM=0.95) based on the player's on-pitch role; left blank where role is a GK or ambiguous rotation option not yet role-confirmed this session."
122074,,0.3020,,0.80,,,,"TEST RUN UPDATE (30 Aug 2026) -- same Man City manager-transition CS% blend as the first Man City row above (player_code 204936); see that row's note for full sourcing and calculation. Bettinelli: status=a. | tenure_discount + bps_profile added (30 Aug 2026): Step 4a signal count for this club's manager change = 1 flag (single confirmed manager change) -> tenure_discount=0.80. bps_profile set per Core Formula table (winger/attacking-FB=1.06, high-CBI CB/DM=0.95) based on the player's on-pitch role; left blank where role is a GK or ambiguous rotation option not yet role-confirmed this session."
106921,,0.3020,,0.80,,,,"TEST RUN UPDATE (30 Aug 2026) -- same Man City manager-transition CS% blend as the first Man City row above (player_code 204936); see that row's note for full sourcing and calculation. Rulli: status=a. | tenure_discount + bps_profile added (30 Aug 2026): Step 4a signal count for this club's manager change = 1 flag (single confirmed manager change) -> tenure_discount=0.80. bps_profile set per Core Formula table (winger/attacking-FB=1.06, high-CBI CB/DM=0.95) based on the player's on-pitch role; left blank where role is a GK or ambiguous rotation option not yet role-confirmed this session."
472769,0.85,0.3020,1.06,0.80,,,,"TEST RUN UPDATE (30 Aug 2026) -- same Man City manager-transition CS% blend as the first Man City row above (player_code 204936); see that row's note for full sourcing and calculation. O'Reilly: status=a. | xm_override added 30 Aug 2026 (TEST RUN, xm follow-up): Step 4 xM Floor Rule -- O'Reilly has an actual current-season confirmed start (2/2 GW starts, 150 total min (confirmed but not fully undisputed)), source: olbauday/FPL-Core-Insights playerstats.csv gw=2 snapshot (id=387), fetched fresh this run, not the historical vaastav mirror. Floor set to 0.85 per Step 4, decoupled from prior-season minutes. Not permanent -- Step 0 rechecks weekly, drops if benched/injured. | tenure_discount + bps_profile added (30 Aug 2026): Step 4a signal count for this club's manager change = 1 flag (single confirmed manager change) -> tenure_discount=0.80. bps_profile set per Core Formula table (winger/attacking-FB=1.06, high-CBI CB/DM=0.95) based on the player's on-pitch role; left blank where role is a GK or ambiguous rotation option not yet role-confirmed this session."
209036,0.90,0.3020,0.95,0.80,,,,"TEST RUN UPDATE (30 Aug 2026) -- same Man City manager-transition CS% blend as the first Man City row above (player_code 204936); see that row's note for full sourcing and calculation. Guéhi: status=a. | xm_override added 30 Aug 2026 (TEST RUN, xm follow-up): Step 4 xM Floor Rule -- Guéhi has an actual current-season confirmed start (2/2 GW starts, ~full minutes both (undisputed)), source: olbauday/FPL-Core-Insights playerstats.csv gw=2 snapshot (id=388), fetched fresh this run, not the historical vaastav mirror. Floor set to 0.90 per Step 4, decoupled from prior-season minutes. Not permanent -- Step 0 rechecks weekly, drops if benched/injured. | tenure_discount + bps_profile added (30 Aug 2026): Step 4a signal count for this club's manager change = 1 flag (single confirmed manager change) -> tenure_discount=0.80. bps_profile set per Core Formula table (winger/attacking-FB=1.06, high-CBI CB/DM=0.95) based on the player's on-pitch role; left blank where role is a GK or ambiguous rotation option not yet role-confirmed this session."
171314,0.90,0.3020,0.95,0.80,,,,"TEST RUN UPDATE (30 Aug 2026) -- same Man City manager-transition CS% blend as the first Man City row above (player_code 204936); see that row's note for full sourcing and calculation. Rúben Dias: status=a. | xm_override added 30 Aug 2026 (TEST RUN, xm follow-up): Step 4 xM Floor Rule -- Rúben has an actual current-season confirmed start (2/2 GW starts, ~full minutes both (undisputed)), source: olbauday/FPL-Core-Insights playerstats.csv gw=2 snapshot (id=390), fetched fresh this run, not the historical vaastav mirror. Floor set to 0.90 per Step 4, decoupled from prior-season minutes. Not permanent -- Step 0 rechecks weekly, drops if benched/injured. | tenure_discount + bps_profile added (30 Aug 2026): Step 4a signal count for this club's manager change = 1 flag (single confirmed manager change) -> tenure_discount=0.80. bps_profile set per Core Formula table (winger/attacking-FB=1.06, high-CBI CB/DM=0.95) based on the player's on-pitch role; left blank where role is a GK or ambiguous rotation option not yet role-confirmed this session."
477424,0.85,0.3020,0.95,0.80,,,,"TEST RUN UPDATE (30 Aug 2026) -- same Man City manager-transition CS% blend as the first Man City row above (player_code 204936); see that row's note for full sourcing and calculation. Gvardiol: status=a -- directly quoted re: system-adaptation finding above. | xm_override added 30 Aug 2026 (TEST RUN, xm follow-up): Step 4 xM Floor Rule -- Gvardiol has an actual current-season confirmed start (2/2 GW starts, 164 total min (confirmed but not fully undisputed)), source: olbauday/FPL-Core-Insights playerstats.csv gw=2 snapshot (id=391), fetched fresh this run, not the historical vaastav mirror. Floor set to 0.85 per Step 4, decoupled from prior-season minutes. Not permanent -- Step 0 rechecks weekly, drops if benched/injured. | tenure_discount + bps_profile added (30 Aug 2026): Step 4a signal count for this club's manager change = 1 flag (single confirmed manager change) -> tenure_discount=0.80. bps_profile set per Core Formula table (winger/attacking-FB=1.06, high-CBI CB/DM=0.95) based on the player's on-pitch role; left blank where role is a GK or ambiguous rotation option not yet role-confirmed this session."
448514,,0.3020,1.06,0.80,,,,"TEST RUN UPDATE (30 Aug 2026) -- same Man City manager-transition CS% blend as the first Man City row above (player_code 204936); see that row's note for full sourcing and calculation. Aït-Nouri: status=a. | tenure_discount + bps_profile added (30 Aug 2026): Step 4a signal count for this club's manager change = 1 flag (single confirmed manager change) -> tenure_discount=0.80. bps_profile set per Core Formula table (winger/attacking-FB=1.06, high-CBI CB/DM=0.95) based on the player's on-pitch role; left blank where role is a GK or ambiguous rotation option not yet role-confirmed this session."
578153,0.90,0.3020,0.95,0.80,,,,"TEST RUN UPDATE (30 Aug 2026) -- same Man City manager-transition CS% blend as the first Man City row above (player_code 204936); see that row's note for full sourcing and calculation. Khusanov: status=a. | xm_override added 30 Aug 2026 (TEST RUN, xm follow-up): Step 4 xM Floor Rule -- Khusanov has an actual current-season confirmed start (2/2 GW starts, ~full minutes both (undisputed)), source: olbauday/FPL-Core-Insights playerstats.csv gw=2 snapshot (id=393), fetched fresh this run, not the historical vaastav mirror. Floor set to 0.90 per Step 4, decoupled from prior-season minutes. Not permanent -- Step 0 rechecks weekly, drops if benched/injured. | tenure_discount + bps_profile added (30 Aug 2026): Step 4a signal count for this club's manager change = 1 flag (single confirmed manager change) -> tenure_discount=0.80. bps_profile set per Core Formula table (winger/attacking-FB=1.06, high-CBI CB/DM=0.95) based on the player's on-pitch role; left blank where role is a GK or ambiguous rotation option not yet role-confirmed this session."
477064,0.85,0.3020,1.06,0.80,,,,"TEST RUN UPDATE (30 Aug 2026) -- same Man City manager-transition CS% blend as the first Man City row above (player_code 204936); see that row's note for full sourcing and calculation. Lewis: status=a -- flagged in Opta Analyst squad audit as a rotation-risk RB backup. | xm_override added 30 Aug 2026 (TEST RUN, xm follow-up): Step 4 xM Floor Rule -- Lewis has an actual current-season confirmed start (1/2 GW starts, 56 total min (confirmed but not fully undisputed)), source: olbauday/FPL-Core-Insights playerstats.csv gw=2 snapshot (id=395), fetched fresh this run, not the historical vaastav mirror. Floor set to 0.85 per Step 4, decoupled from prior-season minutes. Not permanent -- Step 0 rechecks weekly, drops if benched/injured. | tenure_discount + bps_profile added (30 Aug 2026): Step 4a signal count for this club's manager change = 1 flag (single confirmed manager change) -> tenure_discount=0.80. bps_profile set per Core Formula table (winger/attacking-FB=1.06, high-CBI CB/DM=0.95) based on the player's on-pitch role; left blank where role is a GK or ambiguous rotation option not yet role-confirmed this session."
616222,,0.3020,0.95,0.80,,,,"TEST RUN UPDATE (30 Aug 2026) -- same Man City manager-transition CS% blend as the first Man City row above (player_code 204936); see that row's note for full sourcing and calculation. Vitor Reis: status=a. | tenure_discount + bps_profile added (30 Aug 2026): Step 4a signal count for this club's manager change = 1 flag (single confirmed manager change) -> tenure_discount=0.80. bps_profile set per Core Formula table (winger/attacking-FB=1.06, high-CBI CB/DM=0.95) based on the player's on-pitch role; left blank where role is a GK or ambiguous rotation option not yet role-confirmed this session."
554054,,0.3020,,0.80,,,,"TEST RUN UPDATE (30 Aug 2026) -- same Man City manager-transition CS% blend as the first Man City row above (player_code 204936); see that row's note for full sourcing and calculation. Braithwaite: status=a. | tenure_discount + bps_profile added (30 Aug 2026): Step 4a signal count for this club's manager change = 1 flag (single confirmed manager change) -> tenure_discount=0.80. bps_profile set per Core Formula table (winger/attacking-FB=1.06, high-CBI CB/DM=0.95) based on the player's on-pitch role; left blank where role is a GK or ambiguous rotation option not yet role-confirmed this session."
98747,,0.377,,0.80,,,,"NEW ROW (30 Aug 2026). Matthias Jaissle confirmed Newcastle head coach from 6 Aug 2026, replacing Eddie Howe; immediately-prior club Al-Ahli Saudi FC (Saudi Pro League), Jul 2023-Aug 2026 (won AFC Champions League Elite 2025 and 2026) -- verified via Sky Sports, Newcastle United official, Wikipedia career timeline. Step 6 base blend: 0.5x Newcastle 2025-26 own PL clean-sheet rate 21.05% (8/38, StatMuse, single-provider-family, 2 queries consistent) + 0.5x Jaissle's final Al-Ahli season, 2025-26 Saudi Pro League, 50.0% (17/34, FotMob, single-provider but internally consistent league table) = 35.53% historical base. Caveat (Rule #4, no numeric adjustment invented): Saudi Pro League is a materially lower-competitiveness league than the PL outside its top 3-4 clubs -- treat 35.53% as upper-bound-optimistic pending real PL evidence. A conflicting Wikipedia claim that Al-Ahli were 2025-26 SPL champions was checked and REJECTED as false (Al-Nassr were champions per 3 independent match reports) -- the associated '12 clean sheets' figure from that same bad source was also discarded in favor of the FotMob-sourced 17. GW1 (home, Liverpool, drew 2-2, conceded 2) and GW2 (away, Tottenham, won 2-0, conceded 0 -- CLEAN SHEET) = 1/2 clean sheets. Decay Schedule GW2-3: 0.85x35.53% + 0.15x50.0% = 30.20% + 7.50% = 37.70%. CRITICAL GK-ROTATION FLAG (confirmed from the pipeline's own minutes data, not speculation): Nick Pope (status=a, code 98747) played 0 minutes in BOTH GW1 and GW2 -- he is NOT the starter. Newcastle activated Lukáš Horníček's release clause from Braga specifically to supplant Pope (fantasyfootballscout.co.uk, 3 Aug 2026); Horníček started both games (90 min each, 1 CS, 7pts GW2). The CS% override below applies position-wide per Rule #22, but any per-player minutes/start-rate projection MUST use the confirmed actual starter (Horníček), not Pope, despite Pope's status=a. Sources: skysports.com/football/news/11678/13568428 ; citizen.digital/article/newcastle-sign-goalkeeper-hornicek-from-braga-n387626 ; fantasyfootballscout.co.uk/2026/08/03/hornicek-jaouen-or-pope-who-will-be-newcastles-number-1 ; theanalyst.com (GW2 set-piece goal detail) ; olbauday/FPL-Core-Insights GW1+GW2 data (minutes confirmed directly from source). Applied identically to every currently-available (status=a) Newcastle GK/DEF per Rule #22. Nick Pope: status=a but 0 min GW1+GW2 -- NOT the confirmed starter, see master note GK-rotation flag. CS% override still applies per Rule #22 but do not treat as first-choice for minutes/start projections. | tenure_discount + bps_profile added (30 Aug 2026): Step 4a signal count for this club's manager change = 1 flag (single confirmed manager change) -> tenure_discount=0.80. bps_profile set per Core Formula table (winger/attacking-FB=1.06, high-CBI CB/DM=0.95) based on the player's on-pitch role; left blank where role is a GK or ambiguous rotation option not yet role-confirmed this session."
81441,,0.377,,0.80,,,,"TEST RUN UPDATE (30 Aug 2026) -- same Newcastle manager-transition CS% blend as the first Newcastle row above (player_code 98747); see that row's note for full sourcing and calculation. Gillespie: status=a. | tenure_discount + bps_profile added (30 Aug 2026): Step 4a signal count for this club's manager change = 1 flag (single confirmed manager change) -> tenure_discount=0.80. bps_profile set per Core Formula table (winger/attacking-FB=1.06, high-CBI CB/DM=0.95) based on the player's on-pitch role; left blank where role is a GK or ambiguous rotation option not yet role-confirmed this session."
470551,0.90,0.377,,0.80,,,,"TEST RUN UPDATE (30 Aug 2026) -- same Newcastle manager-transition CS% blend as the first Newcastle row above (player_code 98747); see that row's note for full sourcing and calculation. Horníček: status=a -- CONFIRMED ACTUAL STARTER, 90 min both GW1 and GW2, kept a clean sheet GW2. | xm_override added 30 Aug 2026 (TEST RUN, xm follow-up): Step 4 xM Floor Rule -- Horníček has an actual current-season confirmed start (2/2 GW starts, ~full minutes both (undisputed)), source: olbauday/FPL-Core-Insights playerstats.csv gw=2 snapshot (id=567), fetched fresh this run, not the historical vaastav mirror. Floor set to 0.90 per Step 4, decoupled from prior-season minutes. Not permanent -- Step 0 rechecks weekly, drops if benched/injured. | tenure_discount + bps_profile added (30 Aug 2026): Step 4a signal count for this club's manager change = 1 flag (single confirmed manager change) -> tenure_discount=0.80. bps_profile set per Core Formula table (winger/attacking-FB=1.06, high-CBI CB/DM=0.95) based on the player's on-pitch role; left blank where role is a GK or ambiguous rotation option not yet role-confirmed this session."
554578,,0.377,,0.80,,,,"TEST RUN UPDATE (30 Aug 2026) -- same Newcastle manager-transition CS% blend as the first Newcastle row above (player_code 98747); see that row's note for full sourcing and calculation. Jaouen: status=a, summer signing squeezing Pope further. | tenure_discount + bps_profile added (30 Aug 2026): Step 4a signal count for this club's manager change = 1 flag (single confirmed manager change) -> tenure_discount=0.80. bps_profile set per Core Formula table (winger/attacking-FB=1.06, high-CBI CB/DM=0.95) based on the player's on-pitch role; left blank where role is a GK or ambiguous rotation option not yet role-confirmed this session."
465642,0.90,0.377,0.95,0.80,,,,"TEST RUN UPDATE (30 Aug 2026) -- same Newcastle manager-transition CS% blend as the first Newcastle row above (player_code 98747); see that row's note for full sourcing and calculation. Thiaw: status=a. | xm_override added 30 Aug 2026 (TEST RUN, xm follow-up): Step 4 xM Floor Rule -- Thiaw has an actual current-season confirmed start (2/2 GW starts, ~full minutes both (undisputed)), source: olbauday/FPL-Core-Insights playerstats.csv gw=2 snapshot (id=445), fetched fresh this run, not the historical vaastav mirror. Floor set to 0.90 per Step 4, decoupled from prior-season minutes. Not permanent -- Step 0 rechecks weekly, drops if benched/injured. | tenure_discount + bps_profile added (30 Aug 2026): Step 4a signal count for this club's manager change = 1 flag (single confirmed manager change) -> tenure_discount=0.80. bps_profile set per Core Formula table (winger/attacking-FB=1.06, high-CBI CB/DM=0.95) based on the player's on-pitch role; left blank where role is a GK or ambiguous rotation option not yet role-confirmed this session."
119471,,0.377,0.95,0.80,,,,"TEST RUN UPDATE (30 Aug 2026) -- same Newcastle manager-transition CS% blend as the first Newcastle row above (player_code 98747); see that row's note for full sourcing and calculation. Schär: status=a. | tenure_discount + bps_profile added (30 Aug 2026): Step 4a signal count for this club's manager change = 1 flag (single confirmed manager change) -> tenure_discount=0.80. bps_profile set per Core Formula table (winger/attacking-FB=1.06, high-CBI CB/DM=0.95) based on the player's on-pitch role; left blank where role is a GK or ambiguous rotation option not yet role-confirmed this session."
220237,0.90,0.377,0.95,0.80,,,,"TEST RUN UPDATE (30 Aug 2026) -- same Newcastle manager-transition CS% blend as the first Newcastle row above (player_code 98747); see that row's note for full sourcing and calculation. Botman: status=a. | xm_override added 30 Aug 2026 (TEST RUN, xm follow-up): Step 4 xM Floor Rule -- Botman has an actual current-season confirmed start (2/2 GW starts, ~full minutes both (undisputed)), source: olbauday/FPL-Core-Insights playerstats.csv gw=2 snapshot (id=447), fetched fresh this run, not the historical vaastav mirror. Floor set to 0.90 per Step 4, decoupled from prior-season minutes. Not permanent -- Step 0 rechecks weekly, drops if benched/injured. | tenure_discount + bps_profile added (30 Aug 2026): Step 4a signal count for this club's manager change = 1 flag (single confirmed manager change) -> tenure_discount=0.80. bps_profile set per Core Formula table (winger/attacking-FB=1.06, high-CBI CB/DM=0.95) based on the player's on-pitch role; left blank where role is a GK or ambiguous rotation option not yet role-confirmed this session."
487838,0.90,0.377,1.06,0.80,,,,"TEST RUN UPDATE (30 Aug 2026) -- same Newcastle manager-transition CS% blend as the first Newcastle row above (player_code 98747); see that row's note for full sourcing and calculation. Hall: status=a. | xm_override added 30 Aug 2026 (TEST RUN, xm follow-up): Step 4 xM Floor Rule -- Hall has an actual current-season confirmed start (2/2 GW starts, ~full minutes both (undisputed)), source: olbauday/FPL-Core-Insights playerstats.csv gw=2 snapshot (id=449), fetched fresh this run, not the historical vaastav mirror. Floor set to 0.90 per Step 4, decoupled from prior-season minutes. Not permanent -- Step 0 rechecks weekly, drops if benched/injured. | tenure_discount + bps_profile added (30 Aug 2026): Step 4a signal count for this club's manager change = 1 flag (single confirmed manager change) -> tenure_discount=0.80. bps_profile set per Core Formula table (winger/attacking-FB=1.06, high-CBI CB/DM=0.95) based on the player's on-pitch role; left blank where role is a GK or ambiguous rotation option not yet role-confirmed this session."
463726,0.90,0.377,1.06,0.80,,,,"TEST RUN UPDATE (30 Aug 2026) -- same Newcastle manager-transition CS% blend as the first Newcastle row above (player_code 98747); see that row's note for full sourcing and calculation. Dedić: status=a. | xm_override added 30 Aug 2026 (TEST RUN, xm follow-up): Step 4 xM Floor Rule -- Dedić has an actual current-season confirmed start (2/2 GW starts, ~full minutes both (undisputed)), source: olbauday/FPL-Core-Insights playerstats.csv gw=2 snapshot (id=593), fetched fresh this run, not the historical vaastav mirror. Floor set to 0.90 per Step 4, decoupled from prior-season minutes. Not permanent -- Step 0 rechecks weekly, drops if benched/injured. | tenure_discount + bps_profile added (30 Aug 2026): Step 4a signal count for this club's manager change = 1 flag (single confirmed manager change) -> tenure_discount=0.80. bps_profile set per Core Formula table (winger/attacking-FB=1.06, high-CBI CB/DM=0.95) based on the player's on-pitch role; left blank where role is a GK or ambiguous rotation option not yet role-confirmed this session."
553746,,0.377,,0.80,,,,"TEST RUN UPDATE (30 Aug 2026) -- same Newcastle manager-transition CS% blend as the first Newcastle row above (player_code 98747); see that row's note for full sourcing and calculation. Shahar: status=a. | tenure_discount + bps_profile added (30 Aug 2026): Step 4a signal count for this club's manager change = 1 flag (single confirmed manager change) -> tenure_discount=0.80. bps_profile set per Core Formula table (winger/attacking-FB=1.06, high-CBI CB/DM=0.95) based on the player's on-pitch role; left blank where role is a GK or ambiguous rotation option not yet role-confirmed this session."
85633,0.90,0.2349,,0.50,,,,"NEW ROW (30 Aug 2026). Oliver Glasner confirmed Nott'm Forest head coach from 6 Jul 2026, replacing Vítor Pereira (sacked despite PL survival + Europa League semi); immediately-prior club Crystal Palace (won FA Cup 2024-25, UEFA Conference League 2025-26) -- verified via Sky Sports (full text), Goal.com, Yahoo, ESPN; official club headline corroborated via search index (page itself JS-blocked to fetch). Step 6 base blend: 0.5x Forest 2025-26 own PL clean-sheet rate 23.68% (9/38, StatMuse+aboutchampionships.com) + 0.5x Glasner's final Crystal Palace season, 2025-26 PL, 31.58% (12/38, StatMuse+aboutchampionships.com) = 27.63% historical base. Same competition/tier/season for both halves -- no cross-league caveat required (checked explicitly). GW1 (home, Leeds, lost 0-1, conceded 1) and GW2 (away, Liverpool, drew 2-2, conceded 2) = 0/2 clean sheets. Decay Schedule GW2-3: 0.85x27.63% + 0.15x0% = 23.49%. Mechanism-specific finding (2 sources): Glasner has carried over his Crystal Palace 3-4-2-1 wing-back system, with Aina/N.Williams named as direct beneficiaries; both sources separately flag Elliot Anderson's departure to Man City as a specific midfield-control gap undercutting the shape's defensive benefit, and Forest's historically weak home form (4 home wins all of 2025-26). TENURE RED FLAG (Step 4a, verified via Wikipedia factual season timeline, cross-checked against Sky Sports framing): Forest had 5 managerial changes in ~12 months under owner Evangelos Marinakis (Nuno -> Postecoglou -> Dyche -> Pereira -> Glasner) -- any 'new manager bounce' read for this club should carry reduced confidence given the demonstrated pattern of rapid churn. Sources: fantasyfootballscout.co.uk/2026/08/20/fpl-2026-27-nottm-forest-best-players-set-piece-takers-predicted-xi-more ; sports.yahoo.com/articles/nottingham-forest-2026-27-premier-132500985 ; skysports.com/football/news/11095/13560923 ; en.wikipedia.org/wiki/2025%E2%80%9326_Nottingham_Forest_F.C._season ; olbauday/FPL-Core-Insights GW1+GW2 data. Applied identically to every currently-available (status=a) Nott'm Forest GK/DEF per Rule #22. Sels: status=a. | xm_override added 30 Aug 2026 (TEST RUN, xm follow-up): Step 4 xM Floor Rule -- Sels has an actual current-season confirmed start (2/2 GW starts, ~full minutes both (undisputed)), source: olbauday/FPL-Core-Insights playerstats.csv gw=2 snapshot (id=467), fetched fresh this run, not the historical vaastav mirror. Floor set to 0.90 per Step 4, decoupled from prior-season minutes. Not permanent -- Step 0 rechecks weekly, drops if benched/injured. | tenure_discount + bps_profile added (30 Aug 2026): Step 4a signal count for this club's manager change = 4+ flags (5 changes in ~12mo, Standing Rule per club note) -> tenure_discount=0.50. bps_profile set per Core Formula table (winger/attacking-FB=1.06, high-CBI CB/DM=0.95) based on the player's on-pitch role; left blank where role is a GK or ambiguous rotation option not yet role-confirmed this session."
221389,,0.2349,,0.50,,,,"TEST RUN UPDATE (30 Aug 2026) -- same Nott'm Forest manager-transition CS% blend as the first Nott'm Forest row above (player_code 85633); see that row's note for full sourcing and calculation. John: status=a. | tenure_discount + bps_profile added (30 Aug 2026): Step 4a signal count for this club's manager change = 4+ flags (5 changes in ~12mo, Standing Rule per club note) -> tenure_discount=0.50. bps_profile set per Core Formula table (winger/attacking-FB=1.06, high-CBI CB/DM=0.95) based on the player's on-pitch role; left blank where role is a GK or ambiguous rotation option not yet role-confirmed this session."
428971,,0.2349,,0.50,,,,"TEST RUN UPDATE (30 Aug 2026) -- same Nott'm Forest manager-transition CS% blend as the first Nott'm Forest row above (player_code 85633); see that row's note for full sourcing and calculation. Benda: status=a. | tenure_discount + bps_profile added (30 Aug 2026): Step 4a signal count for this club's manager change = 4+ flags (5 changes in ~12mo, Standing Rule per club note) -> tenure_discount=0.50. bps_profile set per Core Formula table (winger/attacking-FB=1.06, high-CBI CB/DM=0.95) based on the player's on-pitch role; left blank where role is a GK or ambiguous rotation option not yet role-confirmed this session."
215136,0.90,0.2349,1.06,0.50,,,,"TEST RUN UPDATE (30 Aug 2026) -- same Nott'm Forest manager-transition CS% blend as the first Nott'm Forest row above (player_code 85633); see that row's note for full sourcing and calculation. N.Williams: status=a -- named wing-back beneficiary of the 3-4-2-1 shift. | xm_override added 30 Aug 2026 (TEST RUN, xm follow-up): Step 4 xM Floor Rule -- N.Williams has an actual current-season confirmed start (2/2 GW starts, ~full minutes both (undisputed)), source: olbauday/FPL-Core-Insights playerstats.csv gw=2 snapshot (id=469), fetched fresh this run, not the historical vaastav mirror. Floor set to 0.90 per Step 4, decoupled from prior-season minutes. Not permanent -- Step 0 rechecks weekly, drops if benched/injured. | tenure_discount + bps_profile added (30 Aug 2026): Step 4a signal count for this club's manager change = 4+ flags (5 changes in ~12mo, Standing Rule per club note) -> tenure_discount=0.50. bps_profile set per Core Formula table (winger/attacking-FB=1.06, high-CBI CB/DM=0.95) based on the player's on-pitch role; left blank where role is a GK or ambiguous rotation option not yet role-confirmed this session."
485047,,0.2349,0.95,0.50,,,,"TEST RUN UPDATE (30 Aug 2026) -- same Nott'm Forest manager-transition CS% blend as the first Nott'm Forest row above (player_code 85633); see that row's note for full sourcing and calculation. Morato: status=a. | tenure_discount + bps_profile added (30 Aug 2026): Step 4a signal count for this club's manager change = 4+ flags (5 changes in ~12mo, Standing Rule per club note) -> tenure_discount=0.50. bps_profile set per Core Formula table (winger/attacking-FB=1.06, high-CBI CB/DM=0.95) based on the player's on-pitch role; left blank where role is a GK or ambiguous rotation option not yet role-confirmed this session."
227444,0.90,0.2349,0.95,0.50,,,,"TEST RUN UPDATE (30 Aug 2026) -- same Nott'm Forest manager-transition CS% blend as the first Nott'm Forest row above (player_code 85633); see that row's note for full sourcing and calculation. Milenković: status=a. | xm_override added 30 Aug 2026 (TEST RUN, xm follow-up): Step 4 xM Floor Rule -- Milenković has an actual current-season confirmed start (2/2 GW starts, ~full minutes both (undisputed)), source: olbauday/FPL-Core-Insights playerstats.csv gw=2 snapshot (id=471), fetched fresh this run, not the historical vaastav mirror. Floor set to 0.90 per Step 4, decoupled from prior-season minutes. Not permanent -- Step 0 rechecks weekly, drops if benched/injured. | tenure_discount + bps_profile added (30 Aug 2026): Step 4a signal count for this club's manager change = 4+ flags (5 changes in ~12mo, Standing Rule per club note) -> tenure_discount=0.50. bps_profile set per Core Formula table (winger/attacking-FB=1.06, high-CBI CB/DM=0.95) based on the player's on-pitch role; left blank where role is a GK or ambiguous rotation option not yet role-confirmed this session."
575476,0.90,0.2349,0.95,0.50,,,,"TEST RUN UPDATE (30 Aug 2026) -- same Nott'm Forest manager-transition CS% blend as the first Nott'm Forest row above (player_code 85633); see that row's note for full sourcing and calculation. Murillo: status=a, 100% chance of playing. | xm_override added 30 Aug 2026 (TEST RUN, xm follow-up): Step 4 xM Floor Rule -- Murillo has an actual current-season confirmed start (2/2 GW starts, ~full minutes both (undisputed)), source: olbauday/FPL-Core-Insights playerstats.csv gw=2 snapshot (id=472), fetched fresh this run, not the historical vaastav mirror. Floor set to 0.90 per Step 4, decoupled from prior-season minutes. Not permanent -- Step 0 rechecks weekly, drops if benched/injured. | tenure_discount + bps_profile added (30 Aug 2026): Step 4a signal count for this club's manager change = 4+ flags (5 changes in ~12mo, Standing Rule per club note) -> tenure_discount=0.50. bps_profile set per Core Formula table (winger/attacking-FB=1.06, high-CBI CB/DM=0.95) based on the player's on-pitch role; left blank where role is a GK or ambiguous rotation option not yet role-confirmed this session."
159506,0.85,0.2349,1.06,0.50,,,,"TEST RUN UPDATE (30 Aug 2026) -- same Nott'm Forest manager-transition CS% blend as the first Nott'm Forest row above (player_code 85633); see that row's note for full sourcing and calculation. Aina: status=a -- named wing-back beneficiary of the 3-4-2-1 shift. | xm_override added 30 Aug 2026 (TEST RUN, xm follow-up): Step 4 xM Floor Rule -- Aina has an actual current-season confirmed start (2/2 GW starts, 158 total min (confirmed but not fully undisputed)), source: olbauday/FPL-Core-Insights playerstats.csv gw=2 snapshot (id=473), fetched fresh this run, not the historical vaastav mirror. Floor set to 0.85 per Step 4, decoupled from prior-season minutes. Not permanent -- Step 0 rechecks weekly, drops if benched/injured. | tenure_discount + bps_profile added (30 Aug 2026): Step 4a signal count for this club's manager change = 4+ flags (5 changes in ~12mo, Standing Rule per club note) -> tenure_discount=0.50. bps_profile set per Core Formula table (winger/attacking-FB=1.06, high-CBI CB/DM=0.95) based on the player's on-pitch role; left blank where role is a GK or ambiguous rotation option not yet role-confirmed this session."
575458,0.90,0.2349,0.95,0.50,,,,"TEST RUN UPDATE (30 Aug 2026) -- same Nott'm Forest manager-transition CS% blend as the first Nott'm Forest row above (player_code 85633); see that row's note for full sourcing and calculation. Jair Cunha: status=a. | xm_override added 30 Aug 2026 (TEST RUN, xm follow-up): Step 4 xM Floor Rule -- Jair Cunha has an actual current-season confirmed start (2/2 GW starts, ~full minutes both (undisputed)), source: olbauday/FPL-Core-Insights playerstats.csv gw=2 snapshot (id=474), fetched fresh this run, not the historical vaastav mirror. Floor set to 0.90 per Step 4, decoupled from prior-season minutes. Not permanent -- Step 0 rechecks weekly, drops if benched/injured. | tenure_discount + bps_profile added (30 Aug 2026): Step 4a signal count for this club's manager change = 4+ flags (5 changes in ~12mo, Standing Rule per club note) -> tenure_discount=0.50. bps_profile set per Core Formula table (winger/attacking-FB=1.06, high-CBI CB/DM=0.95) based on the player's on-pitch role; left blank where role is a GK or ambiguous rotation option not yet role-confirmed this session."
204822,,0.2349,1.06,0.50,,,,"TEST RUN UPDATE (30 Aug 2026) -- same Nott'm Forest manager-transition CS% blend as the first Nott'm Forest row above (player_code 85633); see that row's note for full sourcing and calculation. O.Richards: status=a. | tenure_discount + bps_profile added (30 Aug 2026): Step 4a signal count for this club's manager change = 4+ flags (5 changes in ~12mo, Standing Rule per club note) -> tenure_discount=0.50. bps_profile set per Core Formula table (winger/attacking-FB=1.06, high-CBI CB/DM=0.95) based on the player's on-pitch role; left blank where role is a GK or ambiguous rotation option not yet role-confirmed this session."
549067,,0.2349,,0.50,,,,"TEST RUN UPDATE (30 Aug 2026) -- same Nott'm Forest manager-transition CS% blend as the first Nott'm Forest row above (player_code 85633); see that row's note for full sourcing and calculation. Abbott: status=a. | tenure_discount + bps_profile added (30 Aug 2026): Step 4a signal count for this club's manager change = 4+ flags (5 changes in ~12mo, Standing Rule per club note) -> tenure_discount=0.50. bps_profile set per Core Formula table (winger/attacking-FB=1.06, high-CBI CB/DM=0.95) based on the player's on-pitch role; left blank where role is a GK or ambiguous rotation option not yet role-confirmed this session."
470315,,0.2349,,0.50,,,,"TEST RUN UPDATE (30 Aug 2026) -- same Nott'm Forest manager-transition CS% blend as the first Nott'm Forest row above (player_code 85633); see that row's note for full sourcing and calculation. Netz: status=a. | tenure_discount + bps_profile added (30 Aug 2026): Step 4a signal count for this club's manager change = 4+ flags (5 changes in ~12mo, Standing Rule per club note) -> tenure_discount=0.50. bps_profile set per Core Formula table (winger/attacking-FB=1.06, high-CBI CB/DM=0.95) based on the player's on-pitch role; left blank where role is a GK or ambiguous rotation option not yet role-confirmed this session."
538638,,0.2349,,0.50,,,,"TEST RUN UPDATE (30 Aug 2026) -- same Nott'm Forest manager-transition CS% blend as the first Nott'm Forest row above (player_code 85633); see that row's note for full sourcing and calculation. Bindon: status=a. | tenure_discount + bps_profile added (30 Aug 2026): Step 4a signal count for this club's manager change = 4+ flags (5 changes in ~12mo, Standing Rule per club note) -> tenure_discount=0.50. bps_profile set per Core Formula table (winger/attacking-FB=1.06, high-CBI CB/DM=0.95) based on the player's on-pitch role; left blank where role is a GK or ambiguous rotation option not yet role-confirmed this session."
568420,,0.2349,0.95,0.50,,,,"TEST RUN UPDATE (30 Aug 2026) -- same Nott'm Forest manager-transition CS% blend as the first Nott'm Forest row above (player_code 85633); see that row's note for full sourcing and calculation. Diomande: status=a -- £34.3m summer CB signing, main defensive reinforcement. | tenure_discount + bps_profile added (30 Aug 2026): Step 4a signal count for this club's manager change = 4+ flags (5 changes in ~12mo, Standing Rule per club note) -> tenure_discount=0.50. bps_profile set per Core Formula table (winger/attacking-FB=1.06, high-CBI CB/DM=0.95) based on the player's on-pitch role; left blank where role is a GK or ambiguous rotation option not yet role-confirmed this session."
226597,,,0.95,1.00,,,,"NEW ROW (30 Aug 2026). Gabriel. NEW (30 Aug 2026). Mikel Arteta remains Arsenal manager, longest-serving PL manager (since Dec 2019), no change across the sample season -- verified via premierleague.com 2026/27 manager line-up article. Step 4a: 0 red flags -> tenure_discount 1.00 (full trust). bps_profile set per Core Formula role table (blank if role not yet confirmed / GK). cs_pct_override left blank -- ARS's own historical CS base with widened uncertainty band applies per Step 6 (""no portable prior exists...keep club's own historical base"") until/unless a manager-transition blend is specifically researched for this club. xm_override left blank -- Step 4 xM Floor Rule requires a confirmed current-season start from the olbauday GW-snapshot source, which returned 404 again this session (consistent with the 29 Aug finding already logged in this file) -- not fabricated from vaastav's unreliable current-minutes field (Rule #17) or from general knowledge."
466075,,,1.06,1.00,,,,"NEW ROW (30 Aug 2026). Calafiori. NEW (30 Aug 2026). Mikel Arteta remains Arsenal manager, longest-serving PL manager (since Dec 2019), no change across the sample season -- verified via premierleague.com 2026/27 manager line-up article. Step 4a: 0 red flags -> tenure_discount 1.00 (full trust). bps_profile set per Core Formula role table (blank if role not yet confirmed / GK). cs_pct_override left blank -- ARS's own historical CS base with widened uncertainty band applies per Step 6 (""no portable prior exists...keep club's own historical base"") until/unless a manager-transition blend is specifically researched for this club. xm_override left blank -- Step 4 xM Floor Rule requires a confirmed current-season start from the olbauday GW-snapshot source, which returned 404 again this session (consistent with the 29 Aug finding already logged in this file) -- not fabricated from vaastav's unreliable current-minutes field (Rule #17) or from general knowledge."
184029,,,,1.00,,,,"NEW ROW (30 Aug 2026). Ødegaard. NEW (30 Aug 2026). Mikel Arteta remains Arsenal manager, longest-serving PL manager (since Dec 2019), no change across the sample season -- verified via premierleague.com 2026/27 manager line-up article. Step 4a: 0 red flags -> tenure_discount 1.00 (full trust). bps_profile set per Core Formula role table (blank if role not yet confirmed / GK). cs_pct_override left blank -- ARS's own historical CS base with widened uncertainty band applies per Step 6 (""no portable prior exists...keep club's own historical base"") until/unless a manager-transition blend is specifically researched for this club. xm_override left blank -- Step 4 xM Floor Rule requires a confirmed current-season start from the olbauday GW-snapshot source, which returned 404 again this session (consistent with the 29 Aug finding already logged in this file) -- not fabricated from vaastav's unreliable current-minutes field (Rule #17) or from general knowledge."
106760,,,1.06,0.80,,,,"NEW ROW (30 Aug 2026). Shaw. NEW (30 Aug 2026). Michael Carrick confirmed Man Utd head coach from 13 Jan 2026 (source: NBCSports PL managers list, cross-checked khelnow.com), replacing the previously incumbent manager mid-season. Step 4a: club had a different head coach for part of the 2025-26 season the historical per-90 data is drawn from = 1 red flag -> tenure_discount band 0.70-0.85, using 0.80 (consistent with other single-change clubs this session). CS%/xM blend for Carrick's own managerial record NOT yet researched this session -- left blank, EST-tier fallback (FDR heuristic) applies meanwhile per Step 3 hierarchy. Open item for next session. bps_profile set per Core Formula role table (blank if role not yet confirmed / GK). cs_pct_override left blank -- MUN's own historical CS base with widened uncertainty band applies per Step 6 (""no portable prior exists...keep club's own historical base"") until/unless a manager-transition blend is specifically researched for this club. xm_override left blank -- Step 4 xM Floor Rule requires a confirmed current-season start from the olbauday GW-snapshot source, which returned 404 again this session (consistent with the 29 Aug finding already logged in this file) -- not fabricated from vaastav's unreliable current-minutes field (Rule #17) or from general knowledge."
141746,,,,0.80,,,,"NEW ROW (30 Aug 2026). B.Fernandes. NEW (30 Aug 2026). Michael Carrick confirmed Man Utd head coach from 13 Jan 2026 (source: NBCSports PL managers list, cross-checked khelnow.com), replacing the previously incumbent manager mid-season. Step 4a: club had a different head coach for part of the 2025-26 season the historical per-90 data is drawn from = 1 red flag -> tenure_discount band 0.70-0.85, using 0.80 (consistent with other single-change clubs this session). CS%/xM blend for Carrick's own managerial record NOT yet researched this session -- left blank, EST-tier fallback (FDR heuristic) applies meanwhile per Step 3 hierarchy. Open item for next session. bps_profile set per Core Formula role table (blank if role not yet confirmed / GK). cs_pct_override left blank -- MUN's own historical CS base with widened uncertainty band applies per Step 6 (""no portable prior exists...keep club's own historical base"") until/unless a manager-transition blend is specifically researched for this club. xm_override left blank -- Step 4 xM Floor Rule requires a confirmed current-season start from the olbauday GW-snapshot source, which returned 404 again this session (consistent with the 29 Aug finding already logged in this file) -- not fabricated from vaastav's unreliable current-minutes field (Rule #17) or from general knowledge."
596047,,,,0.80,0,0,0,"NEW ROW (30 Aug 2026). Obi. NEW (30 Aug 2026). Michael Carrick confirmed Man Utd head coach from 13 Jan 2026 (source: NBCSports PL managers list, cross-checked khelnow.com), replacing the previously incumbent manager mid-season. Step 4a: club had a different head coach for part of the 2025-26 season the historical per-90 data is drawn from = 1 red flag -> tenure_discount band 0.70-0.85, using 0.80 (consistent with other single-change clubs this session). CS%/xM blend for Carrick's own managerial record NOT yet researched this session -- left blank, EST-tier fallback (FDR heuristic) applies meanwhile per Step 3 hierarchy. Open item for next session. Step 2b TRIGGERED (sub-900 min or absent from 2025-26 historical file) -- per Standing Rule #21 the noisy/absent per-90 figure is discarded (set to 0), NOT used as-is. Genuine external rescue (Understat/FBref/FootyStats pull) NOT yet performed this session -- flagging as an open item rather than inventing a number. bps_profile set per Core Formula role table (blank if role not yet confirmed / GK). cs_pct_override left blank -- MUN's own historical CS base with widened uncertainty band applies per Step 6 (""no portable prior exists...keep club's own historical base"") until/unless a manager-transition blend is specifically researched for this club. xm_override left blank -- Step 4 xM Floor Rule requires a confirmed current-season start from the olbauday GW-snapshot source, which returned 404 again this session (consistent with the 29 Aug finding already logged in this file) -- not fabricated from vaastav's unreliable current-minutes field (Rule #17) or from general knowledge."
489639,,,,1.00,,,,"NEW ROW (30 Aug 2026). Verbruggen. NEW (30 Aug 2026). Fabian Hurzeler remains Brighton head coach since Jun 2024, no change across the sample season -- verified via en.wikipedia.org 2025-26 Brighton season page. Step 4a: 0 red flags -> tenure_discount 1.00. bps_profile set per Core Formula role table (blank if role not yet confirmed / GK). cs_pct_override left blank -- BHA's own historical CS base with widened uncertainty band applies per Step 6 (""no portable prior exists...keep club's own historical base"") until/unless a manager-transition blend is specifically researched for this club. xm_override left blank -- Step 4 xM Floor Rule requires a confirmed current-season start from the olbauday GW-snapshot source, which returned 404 again this session (consistent with the 29 Aug finding already logged in this file) -- not fabricated from vaastav's unreliable current-minutes field (Rule #17) or from general knowledge."
49262,,,,1.00,0,0,0,"NEW ROW (30 Aug 2026). Steele. NEW (30 Aug 2026). Fabian Hurzeler remains Brighton head coach since Jun 2024, no change across the sample season -- verified via en.wikipedia.org 2025-26 Brighton season page. Step 4a: 0 red flags -> tenure_discount 1.00. Step 2b TRIGGERED (sub-900 min or absent from 2025-26 historical file) -- per Standing Rule #21 the noisy/absent per-90 figure is discarded (set to 0), NOT used as-is. Genuine external rescue (Understat/FBref/FootyStats pull) NOT yet performed this session -- flagging as an open item rather than inventing a number. bps_profile set per Core Formula role table (blank if role not yet confirmed / GK). cs_pct_override left blank -- BHA's own historical CS base with widened uncertainty band applies per Step 6 (""no portable prior exists...keep club's own historical base"") until/unless a manager-transition blend is specifically researched for this club. xm_override left blank -- Step 4 xM Floor Rule requires a confirmed current-season start from the olbauday GW-snapshot source, which returned 404 again this session (consistent with the 29 Aug finding already logged in this file) -- not fabricated from vaastav's unreliable current-minutes field (Rule #17) or from general knowledge."
465730,,,1.06,1.00,,,,"NEW ROW (30 Aug 2026). De Cuyper. NEW (30 Aug 2026). Fabian Hurzeler remains Brighton head coach since Jun 2024, no change across the sample season -- verified via en.wikipedia.org 2025-26 Brighton season page. Step 4a: 0 red flags -> tenure_discount 1.00. bps_profile set per Core Formula role table (blank if role not yet confirmed / GK). cs_pct_override left blank -- BHA's own historical CS base with widened uncertainty band applies per Step 6 (""no portable prior exists...keep club's own historical base"") until/unless a manager-transition blend is specifically researched for this club. xm_override left blank -- Step 4 xM Floor Rule requires a confirmed current-season start from the olbauday GW-snapshot source, which returned 404 again this session (consistent with the 29 Aug finding already logged in this file) -- not fabricated from vaastav's unreliable current-minutes field (Rule #17) or from general knowledge."
532529,,,,1.00,,,,"NEW ROW (30 Aug 2026). Hinshelwood -- status=d, 25% chance of playing (unspecified injury), verified via vaastav status field this session. NEW (30 Aug 2026). Fabian Hurzeler remains Brighton head coach since Jun 2024, no change across the sample season -- verified via en.wikipedia.org 2025-26 Brighton season page. Step 4a: 0 red flags -> tenure_discount 1.00. bps_profile set per Core Formula role table (blank if role not yet confirmed / GK). cs_pct_override left blank -- BHA's own historical CS base with widened uncertainty band applies per Step 6 (""no portable prior exists...keep club's own historical base"") until/unless a manager-transition blend is specifically researched for this club. xm_override left blank -- Step 4 xM Floor Rule requires a confirmed current-season start from the olbauday GW-snapshot source, which returned 404 again this session (consistent with the 29 Aug finding already logged in this file) -- not fabricated from vaastav's unreliable current-minutes field (Rule #17) or from general knowledge."
502500,,,,1.00,,,,"NEW ROW (30 Aug 2026). Thiago. NEW (30 Aug 2026). Keith Andrews remains Brentford head coach, appointed 27 Jun 2025 (i.e. already in place for the entire 2025-26 season the historical data is drawn from), no change since -- verified via en.wikipedia.org 2025-26 Brentford season page. Step 4a: 0 red flags -> tenure_discount 1.00. bps_profile set per Core Formula role table (blank if role not yet confirmed / GK). cs_pct_override left blank -- BRE's own historical CS base with widened uncertainty band applies per Step 6 (""no portable prior exists...keep club's own historical base"") until/unless a manager-transition blend is specifically researched for this club. xm_override left blank -- Step 4 xM Floor Rule requires a confirmed current-season start from the olbauday GW-snapshot source, which returned 404 again this session (consistent with the 29 Aug finding already logged in this file) -- not fabricated from vaastav's unreliable current-minutes field (Rule #17) or from general knowledge."
440993,,,1.06,1.00,0,0,0,"NEW ROW (30 Aug 2026). Ndiaye. NEW (30 Aug 2026). David Moyes remains Everton manager since Jan 2025 (in place for essentially the full 2025-26 season), no change since -- verified via NBCSports PL managers list. Step 4a: 0 red flags -> tenure_discount 1.00. Step 2b TRIGGERED (sub-900 min or absent from 2025-26 historical file) -- per Standing Rule #21 the noisy/absent per-90 figure is discarded (set to 0), NOT used as-is. Genuine external rescue (Understat/FBref/FootyStats pull) NOT yet performed this session -- flagging as an open item rather than inventing a number. bps_profile set per Core Formula role table (blank if role not yet confirmed / GK). cs_pct_override left blank -- EVE's own historical CS base with widened uncertainty band applies per Step 6 (""no portable prior exists...keep club's own historical base"") until/unless a manager-transition blend is specifically researched for this club. xm_override left blank -- Step 4 xM Floor Rule requires a confirmed current-season start from the olbauday GW-snapshot source, which returned 404 again this session (consistent with the 29 Aug finding already logged in this file) -- not fabricated from vaastav's unreliable current-minutes field (Rule #17) or from general knowledge."
17761,,,0.95,1.00,,,,"NEW ROW (30 Aug 2026). Tarkowski. NEW (30 Aug 2026). David Moyes remains Everton manager since Jan 2025 (in place for essentially the full 2025-26 season), no change since -- verified via NBCSports PL managers list. Step 4a: 0 red flags -> tenure_discount 1.00. bps_profile set per Core Formula role table (blank if role not yet confirmed / GK). cs_pct_override left blank -- EVE's own historical CS base with widened uncertainty band applies per Step 6 (""no portable prior exists...keep club's own historical base"") until/unless a manager-transition blend is specifically researched for this club. xm_override left blank -- Step 4 xM Floor Rule requires a confirmed current-season start from the olbauday GW-snapshot source, which returned 404 again this session (consistent with the 29 Aug finding already logged in this file) -- not fabricated from vaastav's unreliable current-minutes field (Rule #17) or from general knowledge."
586309,,,,1.00,,,,"NEW ROW (30 Aug 2026). Barry. NEW (30 Aug 2026). David Moyes remains Everton manager since Jan 2025 (in place for essentially the full 2025-26 season), no change since -- verified via NBCSports PL managers list. Step 4a: 0 red flags -> tenure_discount 1.00. bps_profile set per Core Formula role table (blank if role not yet confirmed / GK). cs_pct_override left blank -- EVE's own historical CS base with widened uncertainty band applies per Step 6 (""no portable prior exists...keep club's own historical base"") until/unless a manager-transition blend is specifically researched for this club. xm_override left blank -- Step 4 xM Floor Rule requires a confirmed current-season start from the olbauday GW-snapshot source, which returned 404 again this session (consistent with the 29 Aug finding already logged in this file) -- not fabricated from vaastav's unreliable current-minutes field (Rule #17) or from general knowledge."
215413,,,,1.00,,,,"NEW ROW (30 Aug 2026). Dewsbury-Hall. NEW (30 Aug 2026). David Moyes remains Everton manager since Jan 2025 (in place for essentially the full 2025-26 season), no change since -- verified via NBCSports PL managers list. Step 4a: 0 red flags -> tenure_discount 1.00. bps_profile set per Core Formula role table (blank if role not yet confirmed / GK). cs_pct_override left blank -- EVE's own historical CS base with widened uncertainty band applies per Step 6 (""no portable prior exists...keep club's own historical base"") until/unless a manager-transition blend is specifically researched for this club. xm_override left blank -- Step 4 xM Floor Rule requires a confirmed current-season start from the olbauday GW-snapshot source, which returned 404 again this session (consistent with the 29 Aug finding already logged in this file) -- not fabricated from vaastav's unreliable current-minutes field (Rule #17) or from general knowledge."
146426,,,0.95,1.00,0,0,0,"NEW ROW (30 Aug 2026). Ajayi -- absent from 2025-26 historical file (promoted club), Step 2b rescue trigger. NEW (30 Aug 2026). Sergej Jakirovic remains Hull City head coach since 11 Jun 2025 (in place for the entire 2025-26 promotion-campaign season), no change since -- verified via NBCSports PL managers list. Step 4a (manager-churn component): 0 red flags -> tenure_discount 1.00. NOTE: separately, Hull are a newly-promoted club, so last season's sample is Championship-tier, not PL -- this is a Step 2b/CS%-tier issue, not a Step 4a tenure issue, and is flagged separately below where relevant. Step 2b TRIGGERED (sub-900 min or absent from 2025-26 historical file) -- per Standing Rule #21 the noisy/absent per-90 figure is discarded (set to 0), NOT used as-is. Genuine external rescue (Understat/FBref/FootyStats pull) NOT yet performed this session -- flagging as an open item rather than inventing a number. bps_profile set per Core Formula role table (blank if role not yet confirmed / GK). cs_pct_override left blank -- HUL's own historical CS base with widened uncertainty band applies per Step 6 (""no portable prior exists...keep club's own historical base"") until/unless a manager-transition blend is specifically researched for this club. xm_override left blank -- Step 4 xM Floor Rule requires a confirmed current-season start from the olbauday GW-snapshot source, which returned 404 again this session (consistent with the 29 Aug finding already logged in this file) -- not fabricated from vaastav's unreliable current-minutes field (Rule #17) or from general knowledge."
606930,,,0.95,1.00,0,0,0,"NEW ROW (30 Aug 2026). Mendy -- absent from 2025-26 historical file (promoted club), Step 2b rescue trigger. NEW (30 Aug 2026). Sergej Jakirovic remains Hull City head coach since 11 Jun 2025 (in place for the entire 2025-26 promotion-campaign season), no change since -- verified via NBCSports PL managers list. Step 4a (manager-churn component): 0 red flags -> tenure_discount 1.00. NOTE: separately, Hull are a newly-promoted club, so last season's sample is Championship-tier, not PL -- this is a Step 2b/CS%-tier issue, not a Step 4a tenure issue, and is flagged separately below where relevant. Step 2b TRIGGERED (sub-900 min or absent from 2025-26 historical file) -- per Standing Rule #21 the noisy/absent per-90 figure is discarded (set to 0), NOT used as-is. Genuine external rescue (Understat/FBref/FootyStats pull) NOT yet performed this session -- flagging as an open item rather than inventing a number. bps_profile set per Core Formula role table (blank if role not yet confirmed / GK). cs_pct_override left blank -- HUL's own historical CS base with widened uncertainty band applies per Step 6 (""no portable prior exists...keep club's own historical base"") until/unless a manager-transition blend is specifically researched for this club. xm_override left blank -- Step 4 xM Floor Rule requires a confirmed current-season start from the olbauday GW-snapshot source, which returned 404 again this session (consistent with the 29 Aug finding already logged in this file) -- not fabricated from vaastav's unreliable current-minutes field (Rule #17) or from general knowledge."
501902,,,0.95,1.00,,,,"NEW ROW (30 Aug 2026). Hughes -- status=i, groin injury unknown return, verified via vaastav status field. NEW (30 Aug 2026). Sergej Jakirovic remains Hull City head coach since 11 Jun 2025 (in place for the entire 2025-26 promotion-campaign season), no change since -- verified via NBCSports PL managers list. Step 4a (manager-churn component): 0 red flags -> tenure_discount 1.00. NOTE: separately, Hull are a newly-promoted club, so last season's sample is Championship-tier, not PL -- this is a Step 2b/CS%-tier issue, not a Step 4a tenure issue, and is flagged separately below where relevant. bps_profile set per Core Formula role table (blank if role not yet confirmed / GK). cs_pct_override left blank -- HUL's own historical CS base with widened uncertainty band applies per Step 6 (""no portable prior exists...keep club's own historical base"") until/unless a manager-transition blend is specifically researched for this club. xm_override left blank -- Step 4 xM Floor Rule requires a confirmed current-season start from the olbauday GW-snapshot source, which returned 404 again this session (consistent with the 29 Aug finding already logged in this file) -- not fabricated from vaastav's unreliable current-minutes field (Rule #17) or from general knowledge."
441164,,,1.06,0.60,,,,"NEW ROW (30 Aug 2026). Porro. NEW (30 Aug 2026). Tottenham had THREE different head coaches across the 2025-26 season the historical data is drawn from: Thomas Frank (until 11 Feb), Igor Tudor interim (14 Feb-29 Mar), Roberto De Zerbi (from 31 Mar 2026) -- verified via en.wikipedia.org 2025-26 Tottenham Hotspur season page, cross-checked NBCSports PL managers list. Step 4a: 2 managerial changes within the sample season = 2-3 red flags -> tenure_discount band 0.55-0.70, using 0.60. CS%/xM blend for De Zerbi's own managerial record NOT yet researched this session -- left blank, EST-tier fallback (FDR heuristic) applies meanwhile. Open item for next session. bps_profile set per Core Formula role table (blank if role not yet confirmed / GK). cs_pct_override left blank -- TOT's own historical CS base with widened uncertainty band applies per Step 6 (""no portable prior exists...keep club's own historical base"") until/unless a manager-transition blend is specifically researched for this club. xm_override left blank -- Step 4 xM Floor Rule requires a confirmed current-season start from the olbauday GW-snapshot source, which returned 404 again this session (consistent with the 29 Aug finding already logged in this file) -- not fabricated from vaastav's unreliable current-minutes field (Rule #17) or from general knowledge."
485055,,,,0.60,0,0,0,"NEW ROW (30 Aug 2026). Kinsky -- Step 2b rescue trigger (sub-900 min sample). NEW (30 Aug 2026). Tottenham had THREE different head coaches across the 2025-26 season the historical data is drawn from: Thomas Frank (until 11 Feb), Igor Tudor interim (14 Feb-29 Mar), Roberto De Zerbi (from 31 Mar 2026) -- verified via en.wikipedia.org 2025-26 Tottenham Hotspur season page, cross-checked NBCSports PL managers list. Step 4a: 2 managerial changes within the sample season = 2-3 red flags -> tenure_discount band 0.55-0.70, using 0.60. CS%/xM blend for De Zerbi's own managerial record NOT yet researched this session -- left blank, EST-tier fallback (FDR heuristic) applies meanwhile. Open item for next session. Step 2b TRIGGERED (sub-900 min or absent from 2025-26 historical file) -- per Standing Rule #21 the noisy/absent per-90 figure is discarded (set to 0), NOT used as-is. Genuine external rescue (Understat/FBref/FootyStats pull) NOT yet performed this session -- flagging as an open item rather than inventing a number. bps_profile set per Core Formula role table (blank if role not yet confirmed / GK). cs_pct_override left blank -- TOT's own historical CS base with widened uncertainty band applies per Step 6 (""no portable prior exists...keep club's own historical base"") until/unless a manager-transition blend is specifically researched for this club. xm_override left blank -- Step 4 xM Floor Rule requires a confirmed current-season start from the olbauday GW-snapshot source, which returned 404 again this session (consistent with the 29 Aug finding already logged in this file) -- not fabricated from vaastav's unreliable current-minutes field (Rule #17) or from general knowledge."
67089,,,,0.60,0,0,0,"NEW ROW (30 Aug 2026). Dubravka -- shown as TOT (backup GK) in this session's pull; note prior-session Standing Lesson flags him as a non-starting backup wherever he is listed, do not treat as a start-security pick. NEW (30 Aug 2026). Tottenham had THREE different head coaches across the 2025-26 season the historical data is drawn from: Thomas Frank (until 11 Feb), Igor Tudor interim (14 Feb-29 Mar), Roberto De Zerbi (from 31 Mar 2026) -- verified via en.wikipedia.org 2025-26 Tottenham Hotspur season page, cross-checked NBCSports PL managers list. Step 4a: 2 managerial changes within the sample season = 2-3 red flags -> tenure_discount band 0.55-0.70, using 0.60. CS%/xM blend for De Zerbi's own managerial record NOT yet researched this session -- left blank, EST-tier fallback (FDR heuristic) applies meanwhile. Open item for next session. Step 2b TRIGGERED (sub-900 min or absent from 2025-26 historical file) -- per Standing Rule #21 the noisy/absent per-90 figure is discarded (set to 0), NOT used as-is. Genuine external rescue (Understat/FBref/FootyStats pull) NOT yet performed this session -- flagging as an open item rather than inventing a number. bps_profile set per Core Formula role table (blank if role not yet confirmed / GK). cs_pct_override left blank -- TOT's own historical CS base with widened uncertainty band applies per Step 6 (""no portable prior exists...keep club's own historical base"") until/unless a manager-transition blend is specifically researched for this club. xm_override left blank -- Step 4 xM Floor Rule requires a confirmed current-season start from the olbauday GW-snapshot source, which returned 404 again this session (consistent with the 29 Aug finding already logged in this file) -- not fabricated from vaastav's unreliable current-minutes field (Rule #17) or from general knowledge."
424876,,0.235,,0.80,,,,"NEW ROW (30 Aug 2026, Rule #22 pool-wide extension). Szoboszlai. Same manager-transition CS% blend as this club's existing GK/DEF row(s) -- extended to MID here because CS% also feeds the MID position multiplier (CSPts=1) under the Core Formula table; the original pass only covered GK/DEF and that was a Rule #22 gap for MID-position squad/watchlist players, closed here. tenure_discount carried over unchanged from the club's existing 1-flag/4+-flag verdict. xm_override left blank -- same olbauday-404 constraint as above, not fabricated."
243298,,0.235,1.06,0.80,,,,"NEW ROW (30 Aug 2026, Rule #22 pool-wide extension). Gakpo. Same manager-transition CS% blend as this club's existing GK/DEF row(s) -- extended to MID here because CS% also feeds the MID position multiplier (CSPts=1) under the Core Formula table; the original pass only covered GK/DEF and that was a Rule #22 gap for MID-position squad/watchlist players, closed here. tenure_discount carried over unchanged from the club's existing 1-flag/4+-flag verdict. xm_override left blank -- same olbauday-404 constraint as above, not fabricated."
491501,,0.235,,0.80,,,,"NEW ROW (30 Aug 2026, Rule #22 pool-wide extension). McConnell. Same manager-transition CS% blend as this club's existing GK/DEF row(s) -- extended to MID here because CS% also feeds the MID position multiplier (CSPts=1) under the Core Formula table; the original pass only covered GK/DEF and that was a Rule #22 gap for MID-position squad/watchlist players, closed here. tenure_discount carried over unchanged from the club's existing 1-flag/4+-flag verdict. xm_override left blank -- same olbauday-404 constraint as above, not fabricated."
219168,,,,0.80,0,0,0,"NEW ROW (30 Aug 2026, Rule #22 pool-wide extension). Isak. Same manager-transition CS% blend as this club's existing GK/DEF row(s) -- extended to MID here because CS% also feeds the MID position multiplier (CSPts=1) under the Core Formula table; the original pass only covered GK/DEF and that was a Rule #22 gap for MID-position squad/watchlist players, closed here. (FWD position: CSPts=0, so cs_pct_override is not applicable regardless of club CS% -- left blank for that reason, not an oversight.) Step 2b TRIGGERED (sub-900 min last season) -- per Standing Rule #21 the noisy per-90 figure is discarded (set to 0). External rescue pull not yet performed this session. tenure_discount carried over unchanged from the club's existing 1-flag/4+-flag verdict. xm_override left blank -- same olbauday-404 constraint as above, not fabricated."
437730,,0.302,1.06,0.80,,,,"NEW ROW (30 Aug 2026, Rule #22 pool-wide extension). Semenyo. Same manager-transition CS% blend as this club's existing GK/DEF row(s) -- extended to MID here because CS% also feeds the MID position multiplier (CSPts=1) under the Core Formula table; the original pass only covered GK/DEF and that was a Rule #22 gap for MID-position squad/watchlist players, closed here. tenure_discount carried over unchanged from the club's existing 1-flag/4+-flag verdict. xm_override left blank -- same olbauday-404 constraint as above, not fabricated."
466052,,0.302,,0.80,,,,"NEW ROW (30 Aug 2026, Rule #22 pool-wide extension). Cherki. Same manager-transition CS% blend as this club's existing GK/DEF row(s) -- extended to MID here because CS% also feeds the MID position multiplier (CSPts=1) under the Core Formula table; the original pass only covered GK/DEF and that was a Rule #22 gap for MID-position squad/watchlist players, closed here. tenure_discount carried over unchanged from the club's existing 1-flag/4+-flag verdict. xm_override left blank -- same olbauday-404 constraint as above, not fabricated."
223094,,,,0.80,,,,"NEW ROW (30 Aug 2026, Rule #22 pool-wide extension). Haaland. Same manager-transition CS% blend as this club's existing GK/DEF row(s) -- extended to MID here because CS% also feeds the MID position multiplier (CSPts=1) under the Core Formula table; the original pass only covered GK/DEF and that was a Rule #22 gap for MID-position squad/watchlist players, closed here. (FWD position: CSPts=0, so cs_pct_override is not applicable regardless of club CS% -- left blank for that reason, not an oversight.) tenure_discount carried over unchanged from the club's existing 1-flag/4+-flag verdict. xm_override left blank -- same olbauday-404 constraint as above, not fabricated."
438234,,,,0.80,0,0,0,"NEW ROW (30 Aug 2026, Rule #22 pool-wide extension). Marmoush -- CONFLICT FLAG: this session's vaastav pull lists his club as MCI, but a prior project session logged him as on loan at Tottenham. Not resolved this session -- do not treat either club assignment as confirmed until cross-checked against a live source (Step 1 mandatory data-identity check).. Same manager-transition CS% blend as this club's existing GK/DEF row(s) -- extended to MID here because CS% also feeds the MID position multiplier (CSPts=1) under the Core Formula table; the original pass only covered GK/DEF and that was a Rule #22 gap for MID-position squad/watchlist players, closed here. (FWD position: CSPts=0, so cs_pct_override is not applicable regardless of club CS% -- left blank for that reason, not an oversight.) Step 2b TRIGGERED (sub-900 min last season) -- per Standing Rule #21 the noisy per-90 figure is discarded (set to 0). External rescue pull not yet performed this session. tenure_discount carried over unchanged from the club's existing 1-flag/4+-flag verdict. xm_override left blank -- same olbauday-404 constraint as above, not fabricated."
448047,,0.2494,0.95,0.80,,,,"NEW ROW (30 Aug 2026, Rule #22 pool-wide extension). Enzo. Same manager-transition CS% blend as this club's existing GK/DEF row(s) -- extended to MID here because CS% also feeds the MID position multiplier (CSPts=1) under the Core Formula table; the original pass only covered GK/DEF and that was a Rule #22 gap for MID-position squad/watchlist players, closed here. tenure_discount carried over unchanged from the club's existing 1-flag/4+-flag verdict. xm_override left blank -- same olbauday-404 constraint as above, not fabricated."
244851,,0.2494,,0.80,,,,"NEW ROW (30 Aug 2026, Rule #22 pool-wide extension). Cole Palmer. Same manager-transition CS% blend as this club's existing GK/DEF row(s) -- extended to MID here because CS% also feeds the MID position multiplier (CSPts=1) under the Core Formula table; the original pass only covered GK/DEF and that was a Rule #22 gap for MID-position squad/watchlist players, closed here. tenure_discount carried over unchanged from the club's existing 1-flag/4+-flag verdict. xm_override left blank -- same olbauday-404 constraint as above, not fabricated."
475168,,,,0.80,,,,"NEW ROW (30 Aug 2026, Rule #22 pool-wide extension). João Pedro. Same manager-transition CS% blend as this club's existing GK/DEF row(s) -- extended to MID here because CS% also feeds the MID position multiplier (CSPts=1) under the Core Formula table; the original pass only covered GK/DEF and that was a Rule #22 gap for MID-position squad/watchlist players, closed here. (FWD position: CSPts=0, so cs_pct_override is not applicable regardless of club CS% -- left blank for that reason, not an oversight.) tenure_discount carried over unchanged from the club's existing 1-flag/4+-flag verdict. xm_override left blank -- same olbauday-404 constraint as above, not fabricated."
216646,,,,0.80,0,0,0,"NEW ROW (30 Aug 2026). Wissa -- already NEW club (Newcastle, covered club), Step 2b rescue trigger, adding MID/FWD row (not previously in file, FWD gets CSPts=0 so no cs override needed). tenure_discount/cs_pct carried from this club's existing verdict (Rule #22 pool-wide extension to a squad/watchlist player not previously listed). Step 2b TRIGGERED (sub-900 min last season) -- per Standing Rule #21 discarded to 0, external rescue pull not yet performed this session."
449434,,0.377,1.06,0.80,,,,NEW ROW (30 Aug 2026). Elanga. tenure_discount/cs_pct carried from this club's existing verdict (Rule #22 pool-wide extension to a squad/watchlist player not previously listed).
171287,,0.235,0.95,0.80,0,0,0,"NEW ROW (30 Aug 2026). Gomez -- status=i, muscular injury unknown return date; Step 2b rescue trigger (sub-900 min). tenure_discount/cs_pct carried from this club's existing verdict (Rule #22 pool-wide extension to a squad/watchlist player not previously listed). Step 2b TRIGGERED (sub-900 min last season) -- per Standing Rule #21 discarded to 0, external rescue pull not yet performed this session."
178301,,,,1.00,,,,"NEW ROW (30 Aug 2026, added on request -- 'other players for the meantime', untouched-club pass). Watkins -- top-owned AVL asset, template captaincy-tier rival to Haaland/Salah-class picks. Unai Emery remains Aston Villa manager, long-tenured/stable, no change across the sample season -- verified via NBCSports PL managers list. Step 4a: 0 red flags -> tenure_discount 1.00. cs_pct_override left blank -- club's own historical CS base with widened uncertainty band applies per Step 6 (no new-manager blend needed, 0 tenure flags). xm_override left blank -- olbauday GW-snapshot source still 404 this session, not fabricated from vaastav's unreliable current-minutes field (Rule #17)."
199796,,,1.06,1.00,,,,"NEW ROW (30 Aug 2026, added on request -- 'other players for the meantime', untouched-club pass). Cash -- attacking RB, high minutes security. Unai Emery remains Aston Villa manager, long-tenured/stable, no change across the sample season -- verified via NBCSports PL managers list. Step 4a: 0 red flags -> tenure_discount 1.00. cs_pct_override left blank -- club's own historical CS base with widened uncertainty band applies per Step 6 (no new-manager blend needed, 0 tenure flags). xm_override left blank -- olbauday GW-snapshot source still 404 this session, not fabricated from vaastav's unreliable current-minutes field (Rule #17)."
98980,,,,1.00,,,,"NEW ROW (30 Aug 2026, added on request -- 'other players for the meantime', untouched-club pass). Martinez -- AVL #1 GK. Unai Emery remains Aston Villa manager, long-tenured/stable, no change across the sample season -- verified via NBCSports PL managers list. Step 4a: 0 red flags -> tenure_discount 1.00. cs_pct_override left blank -- club's own historical CS base with widened uncertainty band applies per Step 6 (no new-manager blend needed, 0 tenure flags). xm_override left blank -- olbauday GW-snapshot source still 404 this session, not fabricated from vaastav's unreliable current-minutes field (Rule #17)."
122806,,,,1.00,,,,"NEW ROW (30 Aug 2026, added on request -- 'other players for the meantime', untouched-club pass). McGinn -- established AVL midfield veteran. Unai Emery remains Aston Villa manager, long-tenured/stable, no change across the sample season -- verified via NBCSports PL managers list. Step 4a: 0 red flags -> tenure_discount 1.00. cs_pct_override left blank -- club's own historical CS base with widened uncertainty band applies per Step 6 (no new-manager blend needed, 0 tenure flags). xm_override left blank -- olbauday GW-snapshot source still 404 this session, not fabricated from vaastav's unreliable current-minutes field (Rule #17)."
451284,,,1.06,1.00,0,0,0,"NEW ROW (30 Aug 2026, added on request -- 'other players for the meantime', untouched-club pass). van Ewijk -- absent from PL historical file (promoted club), Step 2b rescue trigger, highest-owned COV asset (13.1%). Frank Lampard has led Coventry City since 28 Nov 2024 (NBCSports managers list), including their 2025-26 Championship title-winning promotion campaign -- no change since. Step 4a (manager-churn component): 0 red flags -> tenure_discount 1.00. SEPARATE FLAG: Coventry are newly promoted -- last season's sample is Championship-tier, not PL, and most of the squad is entirely absent from the PL historical file (Step 2b rescue trigger, not a Step 4a tenure issue). Step 2b TRIGGERED (sub-900 min or absent from PL historical file) -- per Standing Rule #21 discarded to 0, not used as-is. External rescue pull not yet performed this session. cs_pct_override left blank -- club's own historical CS base with widened uncertainty band applies per Step 6 (no new-manager blend needed, 0 tenure flags). xm_override left blank -- olbauday GW-snapshot source still 404 this session, not fabricated from vaastav's unreliable current-minutes field (Rule #17)."
461102,,,0.95,1.00,0,0,0,"NEW ROW (30 Aug 2026, added on request -- 'other players for the meantime', untouched-club pass). Thomas -- absent from PL historical file (promoted club), Step 2b rescue trigger. Frank Lampard has led Coventry City since 28 Nov 2024 (NBCSports managers list), including their 2025-26 Championship title-winning promotion campaign -- no change since. Step 4a (manager-churn component): 0 red flags -> tenure_discount 1.00. SEPARATE FLAG: Coventry are newly promoted -- last season's sample is Championship-tier, not PL, and most of the squad is entirely absent from the PL historical file (Step 2b rescue trigger, not a Step 4a tenure issue). Step 2b TRIGGERED (sub-900 min or absent from PL historical file) -- per Standing Rule #21 discarded to 0, not used as-is. External rescue pull not yet performed this session. cs_pct_override left blank -- club's own historical CS base with widened uncertainty band applies per Step 6 (no new-manager blend needed, 0 tenure flags). xm_override left blank -- olbauday GW-snapshot source still 404 this session, not fabricated from vaastav's unreliable current-minutes field (Rule #17)."
173878,,,0.95,1.00,0,0,0,"NEW ROW (30 Aug 2026, added on request -- 'other players for the meantime', untouched-club pass). Dasilva -- CAUTION, already a logged Standing Lesson in this project: a prior session found this exact player_code produced a nonsense npxG/90=3.6 from a 2-minute prior-season cameo when the tiny sample wasn't discarded before use. Do NOT use his per-90 rate as-is; Step 2b/Rule #21 discard-to-0 applies directly.. Frank Lampard has led Coventry City since 28 Nov 2024 (NBCSports managers list), including their 2025-26 Championship title-winning promotion campaign -- no change since. Step 4a (manager-churn component): 0 red flags -> tenure_discount 1.00. SEPARATE FLAG: Coventry are newly promoted -- last season's sample is Championship-tier, not PL, and most of the squad is entirely absent from the PL historical file (Step 2b rescue trigger, not a Step 4a tenure issue). Step 2b TRIGGERED (sub-900 min or absent from PL historical file) -- per Standing Rule #21 discarded to 0, not used as-is. External rescue pull not yet performed this session. cs_pct_override left blank -- club's own historical CS base with widened uncertainty band applies per Step 6 (no new-manager blend needed, 0 tenure flags). xm_override left blank -- olbauday GW-snapshot source still 404 this session, not fabricated from vaastav's unreliable current-minutes field (Rule #17)."
177815,,,,1.00,,,,"NEW ROW (30 Aug 2026, added on request -- 'other players for the meantime', untouched-club pass). Calvert-Lewin -- highest-owned LEE asset by far (28.8%), budget-FWD template pick. Daniel Farke remains Leeds manager since Jul 2023 (NBCSports managers list), in place for the full 2025-26 promotion-campaign season -- no change since. Step 4a: 0 red flags -> tenure_discount 1.00. cs_pct_override left blank -- club's own historical CS base with widened uncertainty band applies per Step 6 (no new-manager blend needed, 0 tenure flags). xm_override left blank -- olbauday GW-snapshot source still 404 this session, not fabricated from vaastav's unreliable current-minutes field (Rule #17)."
153682,,,,1.00,,,,"NEW ROW (30 Aug 2026, added on request -- 'other players for the meantime', untouched-club pass). Wilson -- 2nd-highest-owned LEE asset. Daniel Farke remains Leeds manager since Jul 2023 (NBCSports managers list), in place for the full 2025-26 promotion-campaign season -- no change since. Step 4a: 0 red flags -> tenure_discount 1.00. cs_pct_override left blank -- club's own historical CS base with widened uncertainty band applies per Step 6 (no new-manager blend needed, 0 tenure flags). xm_override left blank -- olbauday GW-snapshot source still 404 this session, not fabricated from vaastav's unreliable current-minutes field (Rule #17)."
214225,,,0.95,1.00,,,,"NEW ROW (30 Aug 2026, added on request -- 'other players for the meantime', untouched-club pass). Rodon -- established LEE CB, high minutes security. Daniel Farke remains Leeds manager since Jul 2023 (NBCSports managers list), in place for the full 2025-26 promotion-campaign season -- no change since. Step 4a: 0 red flags -> tenure_discount 1.00. cs_pct_override left blank -- club's own historical CS base with widened uncertainty band applies per Step 6 (no new-manager blend needed, 0 tenure flags). xm_override left blank -- olbauday GW-snapshot source still 404 this session, not fabricated from vaastav's unreliable current-minutes field (Rule #17)."
441264,,,,1.00,,,,"NEW ROW (30 Aug 2026, added on request -- 'other players for the meantime', untouched-club pass). Brobbey -- highest-owned SUN asset (12.9%). Regis Le Bris remains Sunderland manager since Jul 2024 (NBCSports managers list), in place for the full 2025-26 season the historical data is drawn from -- no change since. Step 4a: 0 red flags -> tenure_discount 1.00. cs_pct_override left blank -- club's own historical CS base with widened uncertainty band applies per Step 6 (no new-manager blend needed, 0 tenure flags). xm_override left blank -- olbauday GW-snapshot source still 404 this session, not fabricated from vaastav's unreliable current-minutes field (Rule #17)."
484420,,,,1.00,,,,"NEW ROW (30 Aug 2026, added on request -- 'other players for the meantime', untouched-club pass). E.Le Fée -- 2nd-highest-owned SUN asset (8.8%). Regis Le Bris remains Sunderland manager since Jul 2024 (NBCSports managers list), in place for the full 2025-26 season the historical data is drawn from -- no change since. Step 4a: 0 red flags -> tenure_discount 1.00. cs_pct_override left blank -- club's own historical CS base with widened uncertainty band applies per Step 6 (no new-manager blend needed, 0 tenure flags). xm_override left blank -- olbauday GW-snapshot source still 404 this session, not fabricated from vaastav's unreliable current-minutes field (Rule #17)."
487676,,,1.06,1.00,,,,"NEW ROW (30 Aug 2026, added on request -- 'other players for the meantime', untouched-club pass). Hume -- attacking LB, high minutes security. Regis Le Bris remains Sunderland manager since Jul 2024 (NBCSports managers list), in place for the full 2025-26 season the historical data is drawn from -- no change since. Step 4a: 0 red flags -> tenure_discount 1.00. cs_pct_override left blank -- club's own historical CS base with widened uncertainty band applies per Step 6 (no new-manager blend needed, 0 tenure flags). xm_override left blank -- olbauday GW-snapshot source still 404 this session, not fabricated from vaastav's unreliable current-minutes field (Rule #17)."
