player_code,xm_override,cs_pct_override,bps_profile,tenure_discount,npxg90_rescue,xa90_rescue,dc90_rescue,note
116535,0.90,0.235,1.00,0.78,,,,"TEST RUN UPDATE (30 Aug 2026, expanded to full-PL new-manager pass). Step 6 base blend: 0.5x Liverpool 2025-26 own PL clean-sheet rate 26.3% (10/38) + 0.5x Andoni Iraola's final Bournemouth season CS rate 28.9% (11/38) = 27.6% historical base; Iraola confirmed Liverpool head coach, re-verified via LiverpoolFC.com, Sky Sports and ESPN, 30 Aug 2026. Step 0 Post-GW Calibration: GW1 (away, Newcastle 2-2) and GW2 (home, Nott'm Forest 2-2) both produced 0 clean sheets / 2 goals conceded each -- 2 straight misses in the same direction, raised as a candidate correction per Step 0, not filed silently. Applied Decay Schedule GW2-3 (85% historical / 15% current-season): 0.85x27.6% + 0.15x0% = 23.5%. Mechanism-specific finding (2+ sources): NBC Sports and SI.com both diagnose a transition-defense flaw -- Gravenberch/Szoboszlai vacate the pivot, full-backs pushed high, Van Dijk/Jacquet exposed on counters; SI.com: Liverpool have conceded the 2nd-most counter-attack goals in the PL since start of 2025-26 (7, behind only Sunderland's 8). Countervailing signal logged (Rule #2): Iraola's own presser (AnfieldIndex) blames execution not personnel and is reportedly trialling Mac Allister as a deeper pivot -- re-verify after GW3, this discount may partially reverse. Tagged EST throughout. Sources: nbcsports.com/soccer/news/liverpools-biggest-issue-ruthlessly-exposed-at-newcastle-how-can-iraola-fix-it ; si.com/soccer/three-ways-andoni-iraola-fix-liverpool-fatal-flaw ; anfieldindex.com/98566 ; thisisanfield.com match report 23 Aug 2026 ; olbauday/FPL-Core-Insights GW1+GW2 player_gameweek_stats.csv + matches.csv. Applied identically to every currently-available (status=a) Liverpool GK/DEF per Rule #22. Alisson Becker: confirmed starter, 90 min GW1, xM Floor Rule applies directly. | xm_override added 30 Aug 2026 (TEST RUN, xm follow-up): Step 4 xM Floor Rule -- A.Becker has an actual current-season confirmed start (2/2 GW starts, ~full minutes both (undisputed)), source: olbauday/FPL-Core-Insights playerstats.csv gw=2 snapshot (id=350), fetched fresh this run, not the historical vaastav mirror. Floor set to 0.90 per Step 4, decoupled from prior-season minutes. Not permanent -- Step 0 rechecks weekly, drops if benched/injured. | tenure_discount added 30 Aug 2026 (TEST RUN, follow-up): Step 4a Manager Tenure Split Check -- 1 red flag: Andoni Iraola confirmed Liverpool head coach for 2026-27 (re-verified LiverpoolFC.com/Sky Sports/ESPN, per existing cs_pct_override rows in this file), replacing Liverpool's prior 2025-26 manager. Consistent with the CS% blend already applied to this club's GK/DEF pool. | bps_profile: 1.00 (GK -- BPS tackled-penalty rule change doesn't apply to goalkeepers)."
449027,,0.235,1.00,0.78,,,,"TEST RUN UPDATE (30 Aug 2026) -- same Liverpool manager-transition CS% blend as the first Liverpool row above (player_code 116535); see that row's note for full sourcing and calculation. 3rd-choice/rotation keeper (0 min GW1-2, status=a) -- CS% base applies per Rule #22 regardless of starting status. | tenure_discount added 30 Aug 2026 (TEST RUN, follow-up): Step 4a Manager Tenure Split Check -- 1 red flag: Andoni Iraola confirmed Liverpool head coach for 2026-27 (re-verified LiverpoolFC.com/Sky Sports/ESPN, per existing cs_pct_override rows in this file), replacing Liverpool's prior 2025-26 manager. Consistent with the CS% blend already applied to this club's GK/DEF pool. | bps_profile: 1.00 (GK -- BPS tackled-penalty rule change doesn't apply to goalkeepers)."
155503,,0.235,1.00,0.78,,,,"TEST RUN UPDATE (30 Aug 2026) -- same Liverpool manager-transition CS% blend as the first Liverpool row above (player_code 116535); see that row's note for full sourcing and calculation. Woodman: 0 min GW1-2, status=a. | tenure_discount added 30 Aug 2026 (TEST RUN, follow-up): Step 4a Manager Tenure Split Check -- 1 red flag: Andoni Iraola confirmed Liverpool head coach for 2026-27 (re-verified LiverpoolFC.com/Sky Sports/ESPN, per existing cs_pct_override rows in this file), replacing Liverpool's prior 2025-26 manager. Consistent with the CS% blend already applied to this club's GK/DEF pool. | bps_profile: 1.00 (GK -- BPS tackled-penalty rule change doesn't apply to goalkeepers)."
464353,,0.235,1.00,0.78,,,,"TEST RUN UPDATE (30 Aug 2026) -- same Liverpool manager-transition CS% blend as the first Liverpool row above (player_code 116535); see that row's note for full sourcing and calculation. Davies: 0 min GW1-2, status=a. | tenure_discount added 30 Aug 2026 (TEST RUN, follow-up): Step 4a Manager Tenure Split Check -- 1 red flag: Andoni Iraola confirmed Liverpool head coach for 2026-27 (re-verified LiverpoolFC.com/Sky Sports/ESPN, per existing cs_pct_override rows in this file), replacing Liverpool's prior 2025-26 manager. Consistent with the CS% blend already applied to this club's GK/DEF pool. | bps_profile: 1.00 (GK -- BPS tackled-penalty rule change doesn't apply to goalkeepers)."
97032,0.90,0.235,0.95,0.78,,,,"TEST RUN UPDATE (30 Aug 2026) -- same Liverpool manager-transition CS% blend as the first Liverpool row above (player_code 116535); see that row's note for full sourcing and calculation. Van Dijk: directly named in NBC Sports' diagnosed mechanism as the CB left exposed on counters -- confirmed starter, 90 min GW1. | xm_override added 30 Aug 2026 (TEST RUN, xm follow-up): Step 4 xM Floor Rule -- Virgil has an actual current-season confirmed start (2/2 GW starts, ~full minutes both (undisputed)), source: olbauday/FPL-Core-Insights playerstats.csv gw=2 snapshot (id=356), fetched fresh this run, not the historical vaastav mirror. Floor set to 0.90 per Step 4, decoupled from prior-season minutes. Not permanent -- Step 0 rechecks weekly, drops if benched/injured. | tenure_discount added 30 Aug 2026 (TEST RUN, follow-up): Step 4a Manager Tenure Split Check -- 1 red flag: Andoni Iraola confirmed Liverpool head coach for 2026-27 (re-verified LiverpoolFC.com/Sky Sports/ESPN, per existing cs_pct_override rows in this file), replacing Liverpool's prior 2025-26 manager. Consistent with the CS% blend already applied to this club's GK/DEF pool. | bps_profile added 30 Aug 2026 (TEST RUN, follow-up): 0.95 -- Virgil van Dijk -- elite defensive centre-back, archetypal high-CBI profile (EST, role read from established playing history, not yet 2026-27 match-confirmed)."
216094,0.85,0.235,1.06,0.78,,,,"TEST RUN UPDATE (30 Aug 2026) -- same Liverpool manager-transition CS% blend as the first Liverpool row above (player_code 116535); see that row's note for full sourcing and calculation. Frimpong: one of the advancing full-backs named in the diagnosed mechanism -- confirmed starter, 90 min GW1. | xm_override added 30 Aug 2026 (TEST RUN, xm follow-up): Step 4 xM Floor Rule -- Frimpong has an actual current-season confirmed start (2/2 GW starts, 160 total min (confirmed but not fully undisputed)), source: olbauday/FPL-Core-Insights playerstats.csv gw=2 snapshot (id=357), fetched fresh this run, not the historical vaastav mirror. Floor set to 0.85 per Step 4, decoupled from prior-season minutes. Not permanent -- Step 0 rechecks weekly, drops if benched/injured. | tenure_discount added 30 Aug 2026 (TEST RUN, follow-up): Step 4a Manager Tenure Split Check -- 1 red flag: Andoni Iraola confirmed Liverpool head coach for 2026-27 (re-verified LiverpoolFC.com/Sky Sports/ESPN, per existing cs_pct_override rows in this file), replacing Liverpool's prior 2025-26 manager. Consistent with the CS% blend already applied to this club's GK/DEF pool. | bps_profile added 30 Aug 2026 (TEST RUN, follow-up): 1.06 -- Jeremie Frimpong -- elite attacking right wing-back (ex-Leverkusen), archetypal high-dribble profile (EST, role read from established playing history, not yet 2026-27 match-confirmed)."
544877,0.85,0.235,1.06,0.78,,,,"TEST RUN UPDATE (30 Aug 2026) -- same Liverpool manager-transition CS% blend as the first Liverpool row above (player_code 116535); see that row's note for full sourcing and calculation. Kerkez: the other advancing full-back named in the diagnosed mechanism -- confirmed starter, 90 min GW1. | xm_override added 30 Aug 2026 (TEST RUN, xm follow-up): Step 4 xM Floor Rule -- Kerkez has an actual current-season confirmed start (2/2 GW starts, 160 total min (confirmed but not fully undisputed)), source: olbauday/FPL-Core-Insights playerstats.csv gw=2 snapshot (id=358), fetched fresh this run, not the historical vaastav mirror. Floor set to 0.85 per Step 4, decoupled from prior-season minutes. Not permanent -- Step 0 rechecks weekly, drops if benched/injured. | tenure_discount added 30 Aug 2026 (TEST RUN, follow-up): Step 4a Manager Tenure Split Check -- 1 red flag: Andoni Iraola confirmed Liverpool head coach for 2026-27 (re-verified LiverpoolFC.com/Sky Sports/ESPN, per existing cs_pct_override rows in this file), replacing Liverpool's prior 2025-26 manager. Consistent with the CS% blend already applied to this club's GK/DEF pool. | bps_profile added 30 Aug 2026 (TEST RUN, follow-up): 1.06 -- Milos Kerkez -- attacking left-back (ex-Bournemouth) (EST, role read from established playing history, not yet 2026-27 match-confirmed)."
519440,,0.235,,0.78,,,,"TEST RUN UPDATE (30 Aug 2026) -- same Liverpool manager-transition CS% blend as the first Liverpool row above (player_code 116535); see that row's note for full sourcing and calculation. Lucky: 0 min GW1-2, status=a, deep rotation option. | tenure_discount added 30 Aug 2026 (TEST RUN, follow-up): Step 4a Manager Tenure Split Check -- 1 red flag: Andoni Iraola confirmed Liverpool head coach for 2026-27 (re-verified LiverpoolFC.com/Sky Sports/ESPN, per existing cs_pct_override rows in this file), replacing Liverpool's prior 2025-26 manager. Consistent with the CS% blend already applied to this club's GK/DEF pool."
606702,0.85,0.235,,0.78,,,,"TEST RUN UPDATE (30 Aug 2026) -- same Liverpool manager-transition CS% blend as the first Liverpool row above (player_code 116535); see that row's note for full sourcing and calculation. Jacquet: directly named alongside Van Dijk in NBC Sports' diagnosed mechanism -- confirmed starter, 69 min GW1, xM Floor Rule applies. | xm_override added 30 Aug 2026 (TEST RUN, xm follow-up): Step 4 xM Floor Rule -- Jacquet has an actual current-season confirmed start (2/2 GW starts, 145 total min (confirmed but not fully undisputed)), source: olbauday/FPL-Core-Insights playerstats.csv gw=2 snapshot (id=362), fetched fresh this run, not the historical vaastav mirror. Floor set to 0.85 per Step 4, decoupled from prior-season minutes. Not permanent -- Step 0 rechecks weekly, drops if benched/injured. | tenure_discount added 30 Aug 2026 (TEST RUN, follow-up): Step 4a Manager Tenure Split Check -- 1 red flag: Andoni Iraola confirmed Liverpool head coach for 2026-27 (re-verified LiverpoolFC.com/Sky Sports/ESPN, per existing cs_pct_override rows in this file), replacing Liverpool's prior 2025-26 manager. Consistent with the CS% blend already applied to this club's GK/DEF pool."
214285,,0.235,,0.78,,,,"TEST RUN UPDATE (30 Aug 2026) -- same Liverpool manager-transition CS% blend as the first Liverpool row above (player_code 116535); see that row's note for full sourcing and calculation. Tsimikas: 0 min GW1-2 (Kerkez preferred at LB), status=a, deep rotation option. | tenure_discount added 30 Aug 2026 (TEST RUN, follow-up): Step 4a Manager Tenure Split Check -- 1 red flag: Andoni Iraola confirmed Liverpool head coach for 2026-27 (re-verified LiverpoolFC.com/Sky Sports/ESPN, per existing cs_pct_override rows in this file), replacing Liverpool's prior 2025-26 manager. Consistent with the CS% blend already applied to this club's GK/DEF pool."
489580,,0.235,,0.78,,,,"TEST RUN UPDATE (30 Aug 2026) -- same Liverpool manager-transition CS% blend as the first Liverpool row above (player_code 116535); see that row's note for full sourcing and calculation. Ramsay-code slot reused check -- Lucky/Ramsay: 0 min GW1-2, status=a, deep rotation option. | tenure_discount added 30 Aug 2026 (TEST RUN, follow-up): Step 4a Manager Tenure Split Check -- 1 red flag: Andoni Iraola confirmed Liverpool head coach for 2026-27 (re-verified LiverpoolFC.com/Sky Sports/ESPN, per existing cs_pct_override rows in this file), replacing Liverpool's prior 2025-26 manager. Consistent with the CS% blend already applied to this club's GK/DEF pool."
445087,,0.235,,0.78,,,,"TEST RUN UPDATE (30 Aug 2026) -- same Liverpool manager-transition CS% blend as the first Liverpool row above (player_code 116535); see that row's note for full sourcing and calculation. Araujo (LIV): 20 min GW1 (late sub/rotation appearance), status=a -- xM still historical-blend pending a start. | tenure_discount added 30 Aug 2026 (TEST RUN, follow-up): Step 4a Manager Tenure Split Check -- 1 red flag: Andoni Iraola confirmed Liverpool head coach for 2026-27 (re-verified LiverpoolFC.com/Sky Sports/ESPN, per existing cs_pct_override rows in this file), replacing Liverpool's prior 2025-26 manager. Consistent with the CS% blend already applied to this club's GK/DEF pool."
457569,0.90,0.248,1.00,0.78,,,,"NEW ROW (30 Aug 2026). Step 6 base blend: 0.5x Bournemouth 2025-26 own PL clean-sheet rate 28.95% (11/38, FBref+StatMuse) + 0.5x Marco Rose's final full season at RB Leipzig, 2023-24 Bundesliga, 29.41% (10/34, FBref+StatMuse) = 29.18% historical base. Marco Rose confirmed Bournemouth head coach replacing Andoni Iraola (who left for Athletic Bilbao links), verified via NBCSports, TNT Sports, Sky Sports. Caveat (Rule #4, no numeric adjustment invented): Bundesliga is a different competition/quality baseline than the PL. GW1 (away, Man City 2-1, Bournemouth conceded 2) and GW2 (home, Everton 1-1, conceded 1) = 0/2 clean sheets. Decay Schedule GW2-3: 0.85x29.18% + 0.15x0% = 24.80%. Mechanism-specific finding (2 sources): Rose's own post-match quotes across both GW1 and GW2 attribute goals conceded to specific, repeated set-piece/box-defending breakdowns (not run-of-play); a tactical-analysis piece independently flags Rose's space-oriented press as leaving gaps behind advancing full-backs as a known structural weakness from his prior work. Sources: yardbarker.com (Rose GW1 quotes) ; skysports.com/football/bournemouth-vs-everton/report/559455 (GW2 quotes) ; tacticalfootballanalysis.com/marco-rose-tactics-bournemouth-2026-2027-tactical-analysis (partially paywalled, pressing-gap mechanism only) ; olbauday/FPL-Core-Insights GW1+GW2 data. DATA-INTEGRITY FLAG: a 3rd GK (Michele Di Gregorio, code 230650) appeared in the source players.csv for this club with status=a -- this name is publicly associated with Juventus, not Bournemouth, and was NOT independently corroborated. EXCLUDED from this override pending spot-check against the live official FPL roster -- do not apply the CS% figure to this player_code until verified. Applied identically to every currently-available (status=a) Bournemouth GK/DEF per Rule #22. Đorđe Petrović: status=a. | xm_override added 30 Aug 2026 (TEST RUN, xm follow-up): Step 4 xM Floor Rule -- Petrović has an actual current-season confirmed start (2/2 GW starts, ~full minutes both (undisputed)), source: olbauday/FPL-Core-Insights playerstats.csv gw=2 snapshot (id=57), fetched fresh this run, not the historical vaastav mirror. Floor set to 0.90 per Step 4, decoupled from prior-season minutes. Not permanent -- Step 0 rechecks weekly, drops if benched/injured. | tenure_discount added 30 Aug 2026 (TEST RUN, follow-up): Step 4a Manager Tenure Split Check -- 1 red flag: Marco Rose appointed Bournemouth head coach (afcb.co.uk, 3 Jun 2026), replacing Andoni Iraola who led all of 2025-26 before leaving for Liverpool. Full-season historical CS/defensive data is entirely Iraola's system; Rose's is unobserved. Sources: afcb.co.uk/news/2026/june/03/who-is-marco-rose..., skysports.com Marco Rose Bournemouth. | bps_profile: 1.00 (GK -- BPS tackled-penalty rule change doesn't apply to goalkeepers)."
40383,,0.248,1.00,0.78,,,,"TEST RUN UPDATE (30 Aug 2026) -- same Bournemouth manager-transition CS% blend as the first Bournemouth row above (player_code 457569); see that row's note for full sourcing and calculation. Fraser Forster: status=a. | tenure_discount added 30 Aug 2026 (TEST RUN, follow-up): Step 4a Manager Tenure Split Check -- 1 red flag: Marco Rose appointed Bournemouth head coach (afcb.co.uk, 3 Jun 2026), replacing Andoni Iraola who led all of 2025-26 before leaving for Liverpool. Full-season historical CS/defensive data is entirely Iraola's system; Rose's is unobserved. Sources: afcb.co.uk/news/2026/june/03/who-is-marco-rose..., skysports.com Marco Rose Bournemouth. | bps_profile: 1.00 (GK -- BPS tackled-penalty rule change doesn't apply to goalkeepers)."
463981,0.90,0.248,0.95,0.78,,,,"TEST RUN UPDATE (30 Aug 2026) -- same Bournemouth manager-transition CS% blend as the first Bournemouth row above (player_code 457569); see that row's note for full sourcing and calculation. James Hill: status=a. | xm_override added 30 Aug 2026 (TEST RUN, xm follow-up): Step 4 xM Floor Rule -- Hill has an actual current-season confirmed start (2/2 GW starts, ~full minutes both (undisputed)), source: olbauday/FPL-Core-Insights playerstats.csv gw=2 snapshot (id=60), fetched fresh this run, not the historical vaastav mirror. Floor set to 0.90 per Step 4, decoupled from prior-season minutes. Not permanent -- Step 0 rechecks weekly, drops if benched/injured. | tenure_discount added 30 Aug 2026 (TEST RUN, follow-up): Step 4a Manager Tenure Split Check -- 1 red flag: Marco Rose appointed Bournemouth head coach (afcb.co.uk, 3 Jun 2026), replacing Andoni Iraola who led all of 2025-26 before leaving for Liverpool. Full-season historical CS/defensive data is entirely Iraola's system; Rose's is unobserved. Sources: afcb.co.uk/news/2026/june/03/who-is-marco-rose..., skysports.com Marco Rose Bournemouth. | bps_profile added 30 Aug 2026 (TEST RUN, follow-up): 0.95 -- James Hill -- young English CB, primarily defensive centre-back profile (EST, role read from established playing history, not yet 2026-27 match-confirmed)."
494521,0.90,0.248,1.06,0.78,,,,"TEST RUN UPDATE (30 Aug 2026) -- same Bournemouth manager-transition CS% blend as the first Bournemouth row above (player_code 457569); see that row's note for full sourcing and calculation. Adrien Truffert: status=a. | xm_override added 30 Aug 2026 (TEST RUN, xm follow-up): Step 4 xM Floor Rule -- Truffert has an actual current-season confirmed start (2/2 GW starts, ~full minutes both (undisputed)), source: olbauday/FPL-Core-Insights playerstats.csv gw=2 snapshot (id=61), fetched fresh this run, not the historical vaastav mirror. Floor set to 0.90 per Step 4, decoupled from prior-season minutes. Not permanent -- Step 0 rechecks weekly, drops if benched/injured. | tenure_discount added 30 Aug 2026 (TEST RUN, follow-up): Step 4a Manager Tenure Split Check -- 1 red flag: Marco Rose appointed Bournemouth head coach (afcb.co.uk, 3 Jun 2026), replacing Andoni Iraola who led all of 2025-26 before leaving for Liverpool. Full-season historical CS/defensive data is entirely Iraola's system; Rose's is unobserved. Sources: afcb.co.uk/news/2026/june/03/who-is-marco-rose..., skysports.com Marco Rose Bournemouth. | bps_profile added 30 Aug 2026 (TEST RUN, follow-up): 1.06 -- Adrien Truffert -- attacking left-back (ex-Rennes), known crossing/carrying output (EST, role read from established playing history, not yet 2026-27 match-confirmed)."
242882,,0.248,,0.78,,,,"TEST RUN UPDATE (30 Aug 2026) -- same Bournemouth manager-transition CS% blend as the first Bournemouth row above (player_code 457569); see that row's note for full sourcing and calculation. Bafodé Diakité: status=a. | tenure_discount added 30 Aug 2026 (TEST RUN, follow-up): Step 4a Manager Tenure Split Check -- 1 red flag: Marco Rose appointed Bournemouth head coach (afcb.co.uk, 3 Jun 2026), replacing Andoni Iraola who led all of 2025-26 before leaving for Liverpool. Full-season historical CS/defensive data is entirely Iraola's system; Rose's is unobserved. Sources: afcb.co.uk/news/2026/june/03/who-is-marco-rose..., skysports.com Marco Rose Bournemouth."
54469,0.90,0.248,1.06,0.78,,,,"TEST RUN UPDATE (30 Aug 2026) -- same Bournemouth manager-transition CS% blend as the first Bournemouth row above (player_code 457569); see that row's note for full sourcing and calculation. Adam Smith: status=a. | xm_override added 30 Aug 2026 (TEST RUN, xm follow-up): Step 4 xM Floor Rule -- Smith has an actual current-season confirmed start (2/2 GW starts, ~full minutes both (undisputed)), source: olbauday/FPL-Core-Insights playerstats.csv gw=2 snapshot (id=64), fetched fresh this run, not the historical vaastav mirror. Floor set to 0.90 per Step 4, decoupled from prior-season minutes. Not permanent -- Step 0 rechecks weekly, drops if benched/injured. | tenure_discount added 30 Aug 2026 (TEST RUN, follow-up): Step 4a Manager Tenure Split Check -- 1 red flag: Marco Rose appointed Bournemouth head coach (afcb.co.uk, 3 Jun 2026), replacing Andoni Iraola who led all of 2025-26 before leaving for Liverpool. Full-season historical CS/defensive data is entirely Iraola's system; Rose's is unobserved. Sources: afcb.co.uk/news/2026/june/03/who-is-marco-rose..., skysports.com Marco Rose Bournemouth. | bps_profile added 30 Aug 2026 (TEST RUN, follow-up): 1.06 -- Adam Smith -- veteran overlapping/attacking right-back (EST, role read from established playing history, not yet 2026-27 match-confirmed)."
575901,,0.248,,0.78,,,,"TEST RUN UPDATE (30 Aug 2026) -- same Bournemouth manager-transition CS% blend as the first Bournemouth row above (player_code 457569); see that row's note for full sourcing and calculation. Julio Soler: status=a. | tenure_discount added 30 Aug 2026 (TEST RUN, follow-up): Step 4a Manager Tenure Split Check -- 1 red flag: Marco Rose appointed Bournemouth head coach (afcb.co.uk, 3 Jun 2026), replacing Andoni Iraola who led all of 2025-26 before leaving for Liverpool. Full-season historical CS/defensive data is entirely Iraola's system; Rose's is unobserved. Sources: afcb.co.uk/news/2026/june/03/who-is-marco-rose..., skysports.com Marco Rose Bournemouth."
483067,0.90,0.248,,0.78,,,,"TEST RUN UPDATE (30 Aug 2026) -- same Bournemouth manager-transition CS% blend as the first Bournemouth row above (player_code 457569); see that row's note for full sourcing and calculation. António Silva: status=a. | xm_override added 30 Aug 2026 (TEST RUN, xm follow-up): Step 4 xM Floor Rule -- Silva has an actual current-season confirmed start (2/2 GW starts, ~full minutes both (undisputed)), source: olbauday/FPL-Core-Insights playerstats.csv gw=2 snapshot (id=566), fetched fresh this run, not the historical vaastav mirror. Floor set to 0.90 per Step 4, decoupled from prior-season minutes. Not permanent -- Step 0 rechecks weekly, drops if benched/injured. | tenure_discount added 30 Aug 2026 (TEST RUN, follow-up): Step 4a Manager Tenure Split Check -- 1 red flag: Marco Rose appointed Bournemouth head coach (afcb.co.uk, 3 Jun 2026), replacing Andoni Iraola who led all of 2025-26 before leaving for Liverpool. Full-season historical CS/defensive data is entirely Iraola's system; Rose's is unobserved. Sources: afcb.co.uk/news/2026/june/03/who-is-marco-rose..., skysports.com Marco Rose Bournemouth."
494928,,0.248,,0.78,,,,"TEST RUN UPDATE (30 Aug 2026) -- same Bournemouth manager-transition CS% blend as the first Bournemouth row above (player_code 457569); see that row's note for full sourcing and calculation. Juanlu Sánchez: status=a. | tenure_discount added 30 Aug 2026 (TEST RUN, follow-up): Step 4a Manager Tenure Split Check -- 1 red flag: Marco Rose appointed Bournemouth head coach (afcb.co.uk, 3 Jun 2026), replacing Andoni Iraola who led all of 2025-26 before leaving for Liverpool. Full-season historical CS/defensive data is entirely Iraola's system; Rose's is unobserved. Sources: afcb.co.uk/news/2026/june/03/who-is-marco-rose..., skysports.com Marco Rose Bournemouth."
215059,0.85,0.2494,1.00,0.85,,,,"NEW ROW (30 Aug 2026). Xabi Alonso confirmed Chelsea manager since 1 Jul 2026, replacing Liam Rosenior; immediately-prior club Real Madrid (La Liga), sacked 12 Jan 2026 -- verified via Chelsea FC official, Sky Sports, Al Jazeera. Step 6 base blend: 0.5x Chelsea 2025-26 own PL clean-sheet rate 23.68% (9/38, StatMuse x2) + 0.5x Alonso's Real Madrid La Liga-only CS rate 35.0% (7/20, Wikipedia match-log recount, partially corroborated by Goal.com for first 2 games) = 29.34% historical base. CONFIDENCE FLAG: the Real Madrid La-Liga-only CS figure (7/20) is single-source-verified with only partial independent corroboration -- an alternate all-competitions figure (10/34=29.41%, Ghanaweb, corroborated match-tally via a B/R X post) would instead give a 26.55% base / 22.57% decayed figure. Using the La-Liga-only figure as primary since it matches competition type, but flagging LOW-MODERATE confidence per Standing Rule #1 (2-source bar not cleanly met) -- recommend a Transfermarkt/WhoScored manual cross-check before treating as VERIFIED. GW1 (away, Fulham, Chelsea won 3-2, conceded 2) = 0/1 clean sheets; GW2 (home vs Brighton) not yet finished at time of this pull. Decay Schedule GW2-3 (GW1-only): 0.85x29.34% + 0.15x0% = 24.94%. Mechanism-specific finding (2 sources): Chelsea have switched to a back-three/3-4-3 buildup shape under Alonso (carried over from his Real Madrid structure) -- confirmed by Chelsea FC's own site and a tactical-analysis breakdown of the Fulham match; the specific downstream defensive-weakness claim in the analysis piece was paywalled and could not be verified, so is NOT included as a finding. Sources: chelseafc.com/en/news/article/fpl-2026-27-xabi-alonsos-impact ; tacticalfootballanalysis.com/fulham-chelsea-premier-league-2026-2027-tactical-analysis-tactics ; skysports.com/football/news/11095/13544932 ; olbauday/FPL-Core-Insights GW1 data. Applied identically to every currently-available (status=a) Chelsea GK/DEF per Rule #22. Sánchez: status=a. | xm_override added 30 Aug 2026 (TEST RUN, xm follow-up): Step 4 xM Floor Rule -- Sánchez has an actual current-season confirmed start (1/2 GW starts, 90 total min (confirmed but not fully undisputed)), source: olbauday/FPL-Core-Insights playerstats.csv gw=2 snapshot (id=140), fetched fresh this run, not the historical vaastav mirror. Floor set to 0.85 per Step 4, decoupled from prior-season minutes. Not permanent -- Step 0 rechecks weekly, drops if benched/injured. | tenure_discount added 30 Aug 2026 (TEST RUN, follow-up): Step 4a Manager Tenure Split Check -- Partial/borderline flag: Liam Rosenior appointed Chelsea head coach ~6 Jan 2026 (premierleague.com, Sky Sports, Al Jazeera) after Enzo Maresca departed 1 Jan 2026. 2025-26 season split roughly Aug-Dec under Maresca / Jan-May under Rosenior -- not a clean single-manager majority, so treated at the lenient end of the 1-flag bracket rather than a full discount. Sources: premierleague.com/en/news/4531073, aljazeera.com/sports/2026/1/6/rosenior-confirms-chelsea-deal. | bps_profile: 1.00 (GK -- BPS tackled-penalty rule change doesn't apply to goalkeepers)."
549939,,0.2494,1.00,0.85,,,,"TEST RUN UPDATE (30 Aug 2026) -- same Chelsea manager-transition CS% blend as the first Chelsea row above (player_code 215059); see that row's note for full sourcing and calculation. Penders: status=a. | tenure_discount added 30 Aug 2026 (TEST RUN, follow-up): Step 4a Manager Tenure Split Check -- Partial/borderline flag: Liam Rosenior appointed Chelsea head coach ~6 Jan 2026 (premierleague.com, Sky Sports, Al Jazeera) after Enzo Maresca departed 1 Jan 2026. 2025-26 season split roughly Aug-Dec under Maresca / Jan-May under Rosenior -- not a clean single-manager majority, so treated at the lenient end of the 1-flag bracket rather than a full discount. Sources: premierleague.com/en/news/4531073, aljazeera.com/sports/2026/1/6/rosenior-confirms-chelsea-deal. | bps_profile: 1.00 (GK -- BPS tackled-penalty rule change doesn't apply to goalkeepers)."
225796,0.85,0.2494,1.06,0.85,,,,"TEST RUN UPDATE (30 Aug 2026) -- same Chelsea manager-transition CS% blend as the first Chelsea row above (player_code 215059); see that row's note for full sourcing and calculation. James: status=a. | xm_override added 30 Aug 2026 (TEST RUN, xm follow-up): Step 4 xM Floor Rule -- James has an actual current-season confirmed start (1/2 GW starts, 90 total min (confirmed but not fully undisputed)), source: olbauday/FPL-Core-Insights playerstats.csv gw=2 snapshot (id=142), fetched fresh this run, not the historical vaastav mirror. Floor set to 0.85 per Step 4, decoupled from prior-season minutes. Not permanent -- Step 0 rechecks weekly, drops if benched/injured. | tenure_discount added 30 Aug 2026 (TEST RUN, follow-up): Step 4a Manager Tenure Split Check -- Partial/borderline flag: Liam Rosenior appointed Chelsea head coach ~6 Jan 2026 (premierleague.com, Sky Sports, Al Jazeera) after Enzo Maresca departed 1 Jan 2026. 2025-26 season split roughly Aug-Dec under Maresca / Jan-May under Rosenior -- not a clean single-manager majority, so treated at the lenient end of the 1-flag bracket rather than a full discount. Sources: premierleague.com/en/news/4531073, aljazeera.com/sports/2026/1/6/rosenior-confirms-chelsea-deal. | bps_profile added 30 Aug 2026 (TEST RUN, follow-up): 1.06 -- Reece James -- high-output attacking right-back, historic set-piece involvement (EST, role read from established playing history, not yet 2026-27 match-confirmed)."
482609,0.85,0.2494,1.06,0.85,,,,"TEST RUN UPDATE (30 Aug 2026) -- same Chelsea manager-transition CS% blend as the first Chelsea row above (player_code 215059); see that row's note for full sourcing and calculation. Gusto: status=a. | xm_override added 30 Aug 2026 (TEST RUN, xm follow-up): Step 4 xM Floor Rule -- Gusto has an actual current-season confirmed start (1/2 GW starts, 75 total min (confirmed but not fully undisputed)), source: olbauday/FPL-Core-Insights playerstats.csv gw=2 snapshot (id=144), fetched fresh this run, not the historical vaastav mirror. Floor set to 0.85 per Step 4, decoupled from prior-season minutes. Not permanent -- Step 0 rechecks weekly, drops if benched/injured. | tenure_discount added 30 Aug 2026 (TEST RUN, follow-up): Step 4a Manager Tenure Split Check -- Partial/borderline flag: Liam Rosenior appointed Chelsea head coach ~6 Jan 2026 (premierleague.com, Sky Sports, Al Jazeera) after Enzo Maresca departed 1 Jan 2026. 2025-26 season split roughly Aug-Dec under Maresca / Jan-May under Rosenior -- not a clean single-manager majority, so treated at the lenient end of the 1-flag bracket rather than a full discount. Sources: premierleague.com/en/news/4531073, aljazeera.com/sports/2026/1/6/rosenior-confirms-chelsea-deal. | bps_profile added 30 Aug 2026 (TEST RUN, follow-up): 1.06 -- Malo Gusto -- attacking right-back (EST, role read from established playing history, not yet 2026-27 match-confirmed)."
444463,,0.2494,,0.85,,,,"TEST RUN UPDATE (30 Aug 2026) -- same Chelsea manager-transition CS% blend as the first Chelsea row above (player_code 215059); see that row's note for full sourcing and calculation. Fofana: status=a, 100% chance of playing. | tenure_discount added 30 Aug 2026 (TEST RUN, follow-up): Step 4a Manager Tenure Split Check -- Partial/borderline flag: Liam Rosenior appointed Chelsea head coach ~6 Jan 2026 (premierleague.com, Sky Sports, Al Jazeera) after Enzo Maresca departed 1 Jan 2026. 2025-26 season split roughly Aug-Dec under Maresca / Jan-May under Rosenior -- not a clean single-manager majority, so treated at the lenient end of the 1-flag bracket rather than a full discount. Sources: premierleague.com/en/news/4531073, aljazeera.com/sports/2026/1/6/rosenior-confirms-chelsea-deal."
109646,,0.2494,,0.85,,,,"TEST RUN UPDATE (30 Aug 2026) -- same Chelsea manager-transition CS% blend as the first Chelsea row above (player_code 215059); see that row's note for full sourcing and calculation. Tosin: status=a. | tenure_discount added 30 Aug 2026 (TEST RUN, follow-up): Step 4a Manager Tenure Split Check -- Partial/borderline flag: Liam Rosenior appointed Chelsea head coach ~6 Jan 2026 (premierleague.com, Sky Sports, Al Jazeera) after Enzo Maresca departed 1 Jan 2026. 2025-26 season split roughly Aug-Dec under Maresca / Jan-May under Rosenior -- not a clean single-manager majority, so treated at the lenient end of the 1-flag bracket rather than a full discount. Sources: premierleague.com/en/news/4531073, aljazeera.com/sports/2026/1/6/rosenior-confirms-chelsea-deal."
551210,0.85,0.2494,,0.85,,,,"TEST RUN UPDATE (30 Aug 2026) -- same Chelsea manager-transition CS% blend as the first Chelsea row above (player_code 215059); see that row's note for full sourcing and calculation. Hato: status=a. | xm_override added 30 Aug 2026 (TEST RUN, xm follow-up): Step 4 xM Floor Rule -- Hato has an actual current-season confirmed start (1/2 GW starts, 64 total min (confirmed but not fully undisputed)), source: olbauday/FPL-Core-Insights playerstats.csv gw=2 snapshot (id=148), fetched fresh this run, not the historical vaastav mirror. Floor set to 0.85 per Step 4, decoupled from prior-season minutes. Not permanent -- Step 0 rechecks weekly, drops if benched/injured. | tenure_discount added 30 Aug 2026 (TEST RUN, follow-up): Step 4a Manager Tenure Split Check -- Partial/borderline flag: Liam Rosenior appointed Chelsea head coach ~6 Jan 2026 (premierleague.com, Sky Sports, Al Jazeera) after Enzo Maresca departed 1 Jan 2026. 2025-26 season split roughly Aug-Dec under Maresca / Jan-May under Rosenior -- not a clean single-manager majority, so treated at the lenient end of the 1-flag bracket rather than a full discount. Sources: premierleague.com/en/news/4531073, aljazeera.com/sports/2026/1/6/rosenior-confirms-chelsea-deal."
460028,0.85,0.2494,0.95,0.85,,,,"TEST RUN UPDATE (30 Aug 2026) -- same Chelsea manager-transition CS% blend as the first Chelsea row above (player_code 215059); see that row's note for full sourcing and calculation. Colwill: status=a. | xm_override added 30 Aug 2026 (TEST RUN, xm follow-up): Step 4 xM Floor Rule -- Colwill has an actual current-season confirmed start (1/2 GW starts, 90 total min (confirmed but not fully undisputed)), source: olbauday/FPL-Core-Insights playerstats.csv gw=2 snapshot (id=149), fetched fresh this run, not the historical vaastav mirror. Floor set to 0.85 per Step 4, decoupled from prior-season minutes. Not permanent -- Step 0 rechecks weekly, drops if benched/injured. | tenure_discount added 30 Aug 2026 (TEST RUN, follow-up): Step 4a Manager Tenure Split Check -- Partial/borderline flag: Liam Rosenior appointed Chelsea head coach ~6 Jan 2026 (premierleague.com, Sky Sports, Al Jazeera) after Enzo Maresca departed 1 Jan 2026. 2025-26 season split roughly Aug-Dec under Maresca / Jan-May under Rosenior -- not a clean single-manager majority, so treated at the lenient end of the 1-flag bracket rather than a full discount. Sources: premierleague.com/en/news/4531073, aljazeera.com/sports/2026/1/6/rosenior-confirms-chelsea-deal. | bps_profile added 30 Aug 2026 (TEST RUN, follow-up): 0.95 -- Levi Colwill -- ball-playing but fundamentally defensive centre-back (EST, role read from established playing history, not yet 2026-27 match-confirmed)."
577016,0.85,0.2494,,0.85,,,,"TEST RUN UPDATE (30 Aug 2026) -- same Chelsea manager-transition CS% blend as the first Chelsea row above (player_code 215059); see that row's note for full sourcing and calculation. Acheampong: status=a. | xm_override added 30 Aug 2026 (TEST RUN, xm follow-up): Step 4 xM Floor Rule -- Acheampong has an actual current-season confirmed start (1/2 GW starts, 90 total min (confirmed but not fully undisputed)), source: olbauday/FPL-Core-Insights playerstats.csv gw=2 snapshot (id=151), fetched fresh this run, not the historical vaastav mirror. Floor set to 0.85 per Step 4, decoupled from prior-season minutes. Not permanent -- Step 0 rechecks weekly, drops if benched/injured. | tenure_discount added 30 Aug 2026 (TEST RUN, follow-up): Step 4a Manager Tenure Split Check -- Partial/borderline flag: Liam Rosenior appointed Chelsea head coach ~6 Jan 2026 (premierleague.com, Sky Sports, Al Jazeera) after Enzo Maresca departed 1 Jan 2026. 2025-26 season split roughly Aug-Dec under Maresca / Jan-May under Rosenior -- not a clean single-manager majority, so treated at the lenient end of the 1-flag bracket rather than a full discount. Sources: premierleague.com/en/news/4531073, aljazeera.com/sports/2026/1/6/rosenior-confirms-chelsea-deal."
437499,0.85,0.2494,0.95,0.85,,,,"TEST RUN UPDATE (30 Aug 2026) -- same Chelsea manager-transition CS% blend as the first Chelsea row above (player_code 215059); see that row's note for full sourcing and calculation. Lacroix: status=a -- Chelsea FC's own site names him a likely beneficiary of the new back-three shape. | xm_override added 30 Aug 2026 (TEST RUN, xm follow-up): Step 4 xM Floor Rule -- Lacroix has an actual current-season confirmed start (1/2 GW starts, 90 total min (confirmed but not fully undisputed)), source: olbauday/FPL-Core-Insights playerstats.csv gw=2 snapshot (id=200), fetched fresh this run, not the historical vaastav mirror. Floor set to 0.85 per Step 4, decoupled from prior-season minutes. Not permanent -- Step 0 rechecks weekly, drops if benched/injured. | tenure_discount added 30 Aug 2026 (TEST RUN, follow-up): Step 4a Manager Tenure Split Check -- Partial/borderline flag: Liam Rosenior appointed Chelsea head coach ~6 Jan 2026 (premierleague.com, Sky Sports, Al Jazeera) after Enzo Maresca departed 1 Jan 2026. 2025-26 season split roughly Aug-Dec under Maresca / Jan-May under Rosenior -- not a clean single-manager majority, so treated at the lenient end of the 1-flag bracket rather than a full discount. Sources: premierleague.com/en/news/4531073, aljazeera.com/sports/2026/1/6/rosenior-confirms-chelsea-deal. | bps_profile added 30 Aug 2026 (TEST RUN, follow-up): 0.95 -- Maxence Lacroix -- defensive centre-back (EST, role read from established playing history, not yet 2026-27 match-confirmed)."
622758,,0.2494,,0.85,,,,"TEST RUN UPDATE (30 Aug 2026) -- same Chelsea manager-transition CS% blend as the first Chelsea row above (player_code 215059); see that row's note for full sourcing and calculation. Anselmino: status=a, 100% chance of playing. | tenure_discount added 30 Aug 2026 (TEST RUN, follow-up): Step 4a Manager Tenure Split Check -- Partial/borderline flag: Liam Rosenior appointed Chelsea head coach ~6 Jan 2026 (premierleague.com, Sky Sports, Al Jazeera) after Enzo Maresca departed 1 Jan 2026. 2025-26 season split roughly Aug-Dec under Maresca / Jan-May under Rosenior -- not a clean single-manager majority, so treated at the lenient end of the 1-flag bracket rather than a full discount. Sources: premierleague.com/en/news/4531073, aljazeera.com/sports/2026/1/6/rosenior-confirms-chelsea-deal."
498444,,0.2494,,0.85,,,,"TEST RUN UPDATE (30 Aug 2026) -- same Chelsea manager-transition CS% blend as the first Chelsea row above (player_code 215059); see that row's note for full sourcing and calculation. Chavarria: status=a. | tenure_discount added 30 Aug 2026 (TEST RUN, follow-up): Step 4a Manager Tenure Split Check -- Partial/borderline flag: Liam Rosenior appointed Chelsea head coach ~6 Jan 2026 (premierleague.com, Sky Sports, Al Jazeera) after Enzo Maresca departed 1 Jan 2026. 2025-26 season split roughly Aug-Dec under Maresca / Jan-May under Rosenior -- not a clean single-manager majority, so treated at the lenient end of the 1-flag bracket rather than a full discount. Sources: premierleague.com/en/news/4531073, aljazeera.com/sports/2026/1/6/rosenior-confirms-chelsea-deal."
220362,,0.2842,,0.78,,,,"NEW ROW (30 Aug 2026). Pierre Sage confirmed Crystal Palace manager from 15 Jun 2026, replacing Oliver Glasner (who moved to Nott'm Forest); immediately-prior club RC Lens (Ligue 1) -- verified via Sky Sports, CPFC official, ESPN. Step 6 base blend: 0.5x Crystal Palace 2025-26 own PL clean-sheet rate 31.58% (12/38, StatMuse+aboutchampionships.com) + 0.5x Sage's final Lens season, 2025-26 Ligue 1, 35.29% (12/34, StatMuse, single-provider -- Transfermarkt cross-check blocked by proxy) = 33.44% historical base. Caveat (Rule #4, no numeric adjustment invented): Ligue 1 2025-26 regarded as a shallower defensive-difficulty environment outside PSG than the PL; Lens-derived half of blend carries more uncertainty. GW1 (away, Everton, lost 0-2) and GW2 (home, Man City, lost 1-4) = 0/2 clean sheets, 6 goals conceded in 2 games. Decay Schedule GW2-3: 0.85x33.44% + 0.15x0% = 28.42%. Mechanism-specific finding (2 sources): Opta/Man City's own analysis notes Palace pressing higher under Sage (league-high 19 high turnovers vs Everton in GW1) -- a specific, numbered tactical shift, not vague hype; Sage's own post-match reaction to the GW2 4-1 defeat cites a specific breaking point (conceding the third goal) and incomplete pre-season conditioning as contributing factors, not a wholesale defensive-quality collapse. Sources: mancity.com/news/mens/crystal-palace-opta-analysis-premier-league-august-2026-63923338 ; cpfc.co.uk/news/first-team/pierre-sage-reaction-palace-city-defeat ; skysports.com/football/news/11706/13552705 ; olbauday/FPL-Core-Insights GW1+GW2 data. Applied identically to every currently-available (status=a) Crystal Palace GK/DEF per Rule #22. Disasi: status=a. | tenure_discount added 30 Aug 2026 (TEST RUN, follow-up): Step 4a Manager Tenure Split Check -- 1 red flag: Pierre Sage appointed Crystal Palace manager from RC Lens (ESPN, Sky Sports, premierleague.com, ~Jun 2026), replacing Oliver Glasner who led all of 2025-26 before departing (and has since taken over at Nottingham Forest). Sources: espn.com/soccer/story/_/id/49018297, skysports.com Pierre Sage Crystal Palace."
172649,0.90,0.2842,1.00,0.78,,,,"TEST RUN UPDATE (30 Aug 2026) -- same Crystal Palace manager-transition CS% blend as the first Crystal Palace row above (player_code 220362); see that row's note for full sourcing and calculation. Henderson: status=a. | xm_override added 30 Aug 2026 (TEST RUN, xm follow-up): Step 4 xM Floor Rule -- Henderson has an actual current-season confirmed start (2/2 GW starts, ~full minutes both (undisputed)), source: olbauday/FPL-Core-Insights playerstats.csv gw=2 snapshot (id=198), fetched fresh this run, not the historical vaastav mirror. Floor set to 0.90 per Step 4, decoupled from prior-season minutes. Not permanent -- Step 0 rechecks weekly, drops if benched/injured. | tenure_discount added 30 Aug 2026 (TEST RUN, follow-up): Step 4a Manager Tenure Split Check -- 1 red flag: Pierre Sage appointed Crystal Palace manager from RC Lens (ESPN, Sky Sports, premierleague.com, ~Jun 2026), replacing Oliver Glasner who led all of 2025-26 before departing (and has since taken over at Nottingham Forest). Sources: espn.com/soccer/story/_/id/49018297, skysports.com Pierre Sage Crystal Palace. | bps_profile: 1.00 (GK -- BPS tackled-penalty rule change doesn't apply to goalkeepers)."
121709,,0.2842,1.00,0.78,,,,"TEST RUN UPDATE (30 Aug 2026) -- same Crystal Palace manager-transition CS% blend as the first Crystal Palace row above (player_code 220362); see that row's note for full sourcing and calculation. Benitez: status=a. | tenure_discount added 30 Aug 2026 (TEST RUN, follow-up): Step 4a Manager Tenure Split Check -- 1 red flag: Pierre Sage appointed Crystal Palace manager from RC Lens (ESPN, Sky Sports, premierleague.com, ~Jun 2026), replacing Oliver Glasner who led all of 2025-26 before departing (and has since taken over at Nottingham Forest). Sources: espn.com/soccer/story/_/id/49018297, skysports.com Pierre Sage Crystal Palace. | bps_profile: 1.00 (GK -- BPS tackled-penalty rule change doesn't apply to goalkeepers)."
247348,0.85,0.2842,1.06,0.78,,,,"TEST RUN UPDATE (30 Aug 2026) -- same Crystal Palace manager-transition CS% blend as the first Crystal Palace row above (player_code 220362); see that row's note for full sourcing and calculation. Muñoz: status=a. | xm_override added 30 Aug 2026 (TEST RUN, xm follow-up): Step 4 xM Floor Rule -- Muñoz has an actual current-season confirmed start (1/2 GW starts, 54 total min (confirmed but not fully undisputed)), source: olbauday/FPL-Core-Insights playerstats.csv gw=2 snapshot (id=201), fetched fresh this run, not the historical vaastav mirror. Floor set to 0.85 per Step 4, decoupled from prior-season minutes. Not permanent -- Step 0 rechecks weekly, drops if benched/injured. | tenure_discount added 30 Aug 2026 (TEST RUN, follow-up): Step 4a Manager Tenure Split Check -- 1 red flag: Pierre Sage appointed Crystal Palace manager from RC Lens (ESPN, Sky Sports, premierleague.com, ~Jun 2026), replacing Oliver Glasner who led all of 2025-26 before departing (and has since taken over at Nottingham Forest). Sources: espn.com/soccer/story/_/id/49018297, skysports.com Pierre Sage Crystal Palace. | bps_profile added 30 Aug 2026 (TEST RUN, follow-up): 1.06 -- Daniel Munoz -- high-output attacking right wing-back under Glasner's system (EST, role read from established playing history, not yet 2026-27 match-confirmed)."
427623,0.90,0.2842,0.95,0.78,,,,"TEST RUN UPDATE (30 Aug 2026) -- same Crystal Palace manager-transition CS% blend as the first Crystal Palace row above (player_code 220362); see that row's note for full sourcing and calculation. Richards: status=a. | xm_override added 30 Aug 2026 (TEST RUN, xm follow-up): Step 4 xM Floor Rule -- Richards has an actual current-season confirmed start (2/2 GW starts, ~full minutes both (undisputed)), source: olbauday/FPL-Core-Insights playerstats.csv gw=2 snapshot (id=202), fetched fresh this run, not the historical vaastav mirror. Floor set to 0.90 per Step 4, decoupled from prior-season minutes. Not permanent -- Step 0 rechecks weekly, drops if benched/injured. | tenure_discount added 30 Aug 2026 (TEST RUN, follow-up): Step 4a Manager Tenure Split Check -- 1 red flag: Pierre Sage appointed Crystal Palace manager from RC Lens (ESPN, Sky Sports, premierleague.com, ~Jun 2026), replacing Oliver Glasner who led all of 2025-26 before departing (and has since taken over at Nottingham Forest). Sources: espn.com/soccer/story/_/id/49018297, skysports.com Pierre Sage Crystal Palace. | bps_profile added 30 Aug 2026 (TEST RUN, follow-up): 0.95 -- Chris Richards -- defensive centre-back (EST, role read from established playing history, not yet 2026-27 match-confirmed)."
651426,0.90,0.2842,,0.78,,,,"TEST RUN UPDATE (30 Aug 2026) -- same Crystal Palace manager-transition CS% blend as the first Crystal Palace row above (player_code 220362); see that row's note for full sourcing and calculation. Canvot: status=a. | xm_override added 30 Aug 2026 (TEST RUN, xm follow-up): Step 4 xM Floor Rule -- Canvot has an actual current-season confirmed start (2/2 GW starts, ~full minutes both (undisputed)), source: olbauday/FPL-Core-Insights playerstats.csv gw=2 snapshot (id=203), fetched fresh this run, not the historical vaastav mirror. Floor set to 0.90 per Step 4, decoupled from prior-season minutes. Not permanent -- Step 0 rechecks weekly, drops if benched/injured. | tenure_discount added 30 Aug 2026 (TEST RUN, follow-up): Step 4a Manager Tenure Split Check -- 1 red flag: Pierre Sage appointed Crystal Palace manager from RC Lens (ESPN, Sky Sports, premierleague.com, ~Jun 2026), replacing Oliver Glasner who led all of 2025-26 before departing (and has since taken over at Nottingham Forest). Sources: espn.com/soccer/story/_/id/49018297, skysports.com Pierre Sage Crystal Palace."
244723,0.90,0.2842,1.06,0.78,,,,"TEST RUN UPDATE (30 Aug 2026) -- same Crystal Palace manager-transition CS% blend as the first Crystal Palace row above (player_code 220362); see that row's note for full sourcing and calculation. Mitchell: status=a. | xm_override added 30 Aug 2026 (TEST RUN, xm follow-up): Step 4 xM Floor Rule -- Mitchell has an actual current-season confirmed start (2/2 GW starts, ~full minutes both (undisputed)), source: olbauday/FPL-Core-Insights playerstats.csv gw=2 snapshot (id=204), fetched fresh this run, not the historical vaastav mirror. Floor set to 0.90 per Step 4, decoupled from prior-season minutes. Not permanent -- Step 0 rechecks weekly, drops if benched/injured. | tenure_discount added 30 Aug 2026 (TEST RUN, follow-up): Step 4a Manager Tenure Split Check -- 1 red flag: Pierre Sage appointed Crystal Palace manager from RC Lens (ESPN, Sky Sports, premierleague.com, ~Jun 2026), replacing Oliver Glasner who led all of 2025-26 before departing (and has since taken over at Nottingham Forest). Sources: espn.com/soccer/story/_/id/49018297, skysports.com Pierre Sage Crystal Palace. | bps_profile added 30 Aug 2026 (TEST RUN, follow-up): 1.06 -- Tyrick Mitchell -- attacking left-back/wing-back, regular crossing output (EST, role read from established playing history, not yet 2026-27 match-confirmed)."
218364,,0.2842,,0.78,,,,"TEST RUN UPDATE (30 Aug 2026) -- same Crystal Palace manager-transition CS% blend as the first Crystal Palace row above (player_code 220362); see that row's note for full sourcing and calculation. Sosa: status=a. | tenure_discount added 30 Aug 2026 (TEST RUN, follow-up): Step 4a Manager Tenure Split Check -- 1 red flag: Pierre Sage appointed Crystal Palace manager from RC Lens (ESPN, Sky Sports, premierleague.com, ~Jun 2026), replacing Oliver Glasner who led all of 2025-26 before departing (and has since taken over at Nottingham Forest). Sources: espn.com/soccer/story/_/id/49018297, skysports.com Pierre Sage Crystal Palace."
242313,,0.2842,,0.78,,,,"TEST RUN UPDATE (30 Aug 2026) -- same Crystal Palace manager-transition CS% blend as the first Crystal Palace row above (player_code 220362); see that row's note for full sourcing and calculation. Mingueza: status=a. | tenure_discount added 30 Aug 2026 (TEST RUN, follow-up): Step 4a Manager Tenure Split Check -- 1 red flag: Pierre Sage appointed Crystal Palace manager from RC Lens (ESPN, Sky Sports, premierleague.com, ~Jun 2026), replacing Oliver Glasner who led all of 2025-26 before departing (and has since taken over at Nottingham Forest). Sources: espn.com/soccer/story/_/id/49018297, skysports.com Pierre Sage Crystal Palace."
169593,,0.2842,1.00,0.78,,,,"TEST RUN UPDATE (30 Aug 2026) -- same Crystal Palace manager-transition CS% blend as the first Crystal Palace row above (player_code 220362); see that row's note for full sourcing and calculation. Matthews: status=a. | tenure_discount added 30 Aug 2026 (TEST RUN, follow-up): Step 4a Manager Tenure Split Check -- 1 red flag: Pierre Sage appointed Crystal Palace manager from RC Lens (ESPN, Sky Sports, premierleague.com, ~Jun 2026), replacing Oliver Glasner who led all of 2025-26 before departing (and has since taken over at Nottingham Forest). Sources: espn.com/soccer/story/_/id/49018297, skysports.com Pierre Sage Crystal Palace. | bps_profile: 1.00 (GK -- BPS tackled-penalty rule change doesn't apply to goalkeepers)."
223723,0.85,0.2842,,0.78,,,,"TEST RUN UPDATE (30 Aug 2026) -- same Crystal Palace manager-transition CS% blend as the first Crystal Palace row above (player_code 220362); see that row's note for full sourcing and calculation. Tomiyasu: status=a. | xm_override added 30 Aug 2026 (TEST RUN, xm follow-up): Step 4 xM Floor Rule -- Tomiyasu has an actual current-season confirmed start (1/2 GW starts, 91 total min (confirmed but not fully undisputed)), source: olbauday/FPL-Core-Insights playerstats.csv gw=2 snapshot (id=577), fetched fresh this run, not the historical vaastav mirror. Floor set to 0.85 per Step 4, decoupled from prior-season minutes. Not permanent -- Step 0 rechecks weekly, drops if benched/injured. | tenure_discount added 30 Aug 2026 (TEST RUN, follow-up): Step 4a Manager Tenure Split Check -- 1 red flag: Pierre Sage appointed Crystal Palace manager from RC Lens (ESPN, Sky Sports, premierleague.com, ~Jun 2026), replacing Oliver Glasner who led all of 2025-26 before departing (and has since taken over at Nottingham Forest). Sources: espn.com/soccer/story/_/id/49018297, skysports.com Pierre Sage Crystal Palace."
570794,0.85,0.2842,,0.78,,,,"TEST RUN UPDATE (30 Aug 2026) -- same Crystal Palace manager-transition CS% blend as the first Crystal Palace row above (player_code 220362); see that row's note for full sourcing and calculation. Khalaili: status=a. | xm_override added 30 Aug 2026 (TEST RUN, xm follow-up): Step 4 xM Floor Rule -- Khalaili has an actual current-season confirmed start (1/2 GW starts, 109 total min (confirmed but not fully undisputed)), source: olbauday/FPL-Core-Insights playerstats.csv gw=2 snapshot (id=588), fetched fresh this run, not the historical vaastav mirror. Floor set to 0.85 per Step 4, decoupled from prior-season minutes. Not permanent -- Step 0 rechecks weekly, drops if benched/injured. | tenure_discount added 30 Aug 2026 (TEST RUN, follow-up): Step 4a Manager Tenure Split Check -- 1 red flag: Pierre Sage appointed Crystal Palace manager from RC Lens (ESPN, Sky Sports, premierleague.com, ~Jun 2026), replacing Oliver Glasner who led all of 2025-26 before departing (and has since taken over at Nottingham Forest). Sources: espn.com/soccer/story/_/id/49018297, skysports.com Pierre Sage Crystal Palace."
80201,0.85,0.2423,1.00,0.75,,,,"NEW ROW (30 Aug 2026). Alvaro Arbeloa confirmed Fulham head coach from 7 Jul 2026, replacing Marco Silva (departed for Benfica); immediately-prior role Real Madrid first team (interim, 12 Jan-May 2026, replacing sacked Xabi Alonso) -- verified via Fulham FC official, Sky Sports, beIN Sports. FLAG: Arbeloa's Real Madrid stint was a half-season interim spell, not a full managerial season -- his only prior senior HC job before that was Real Madrid Castilla (reserves). Widen confidence band accordingly; fallback-to-club-own-base rule NOT invoked since a genuinely comparable senior first-team sample exists. Step 6 base blend: 0.5x Fulham 2025-26 own PL clean-sheet rate 23.68% (9/38, StatMuse x2) + 0.5x Arbeloa's Real Madrid La Liga-only CS rate 33.33% (6/18, manually recounted from Wikipedia match log, corroborated by an independent StatMuse query on the same 6 matches) = 28.51% historical base. GW1 (home, Chelsea, lost 2-3, conceded 3) = 0/1 clean sheets; GW2 (away, Sunderland) not yet finished at time of pull. Decay Schedule GW2-3 (GW1-only): 0.85x28.51% + 0.15x0% = 24.23%. Mechanism-specific finding (2 sources): Fulham built up in a fluid, press-vulnerable shape under Arbeloa (base 4-2-3-1 shifting to an advanced 2-2-4-1-1, CBs pushed wide, full-backs high) that a tactical-analysis piece and a second outlet both tie directly to Chelsea's 1st and 3rd goals in GW1 -- an early new-system defensive fragility, flagged as a qualitative confidence-lowering annotation, not a numeric input. Sources: tacticalfootballanalysis.com/fulham-chelsea-premier-league-2026-2027-tactical-analysis-tactics ; sports.yahoo.com/articles/fulham-defeated-against-chelsea-system-143317179 ; skysports.com/football/news/11095/13553985 ; olbauday/FPL-Core-Insights GW1 data. Applied identically to every currently-available (status=a) Fulham GK/DEF per Rule #22. Bernd Leno: status=a. | xm_override added 30 Aug 2026 (TEST RUN, xm follow-up): Step 4 xM Floor Rule -- Leno has an actual current-season confirmed start (1/2 GW starts, 90 total min (confirmed but not fully undisputed)), source: olbauday/FPL-Core-Insights playerstats.csv gw=2 snapshot (id=250), fetched fresh this run, not the historical vaastav mirror. Floor set to 0.85 per Step 4, decoupled from prior-season minutes. Not permanent -- Step 0 rechecks weekly, drops if benched/injured. | tenure_discount added 30 Aug 2026 (TEST RUN, follow-up): Step 4a Manager Tenure Split Check -- 1 red flag, extra caution: Alvaro Arbeloa appointed Fulham head coach 7-8 Jul 2026 (fulhamfc.com official, beIN Sports, Sky Sports), replacing Marco Silva (5 seasons in charge, left Jun 2026). Arbeloa's only prior senior role was Real Madrid youth/Castilla -- first top-flight head coach job, added uncertainty beyond a standard swap. Sources: fulhamfc.com/news/2026/july/07/alvaro-arbeloa-appointed-fulham-head-coach, skysports.com Alvaro Arbeloa Fulham. | bps_profile: 1.00 (GK -- BPS tackled-penalty rule change doesn't apply to goalkeepers)."
86873,,0.2423,1.00,0.75,,,,"TEST RUN UPDATE (30 Aug 2026) -- same Fulham manager-transition CS% blend as the first Fulham row above (player_code 80201); see that row's note for full sourcing and calculation. Benjamin Lecomte: status=a. | tenure_discount added 30 Aug 2026 (TEST RUN, follow-up): Step 4a Manager Tenure Split Check -- 1 red flag, extra caution: Alvaro Arbeloa appointed Fulham head coach 7-8 Jul 2026 (fulhamfc.com official, beIN Sports, Sky Sports), replacing Marco Silva (5 seasons in charge, left Jun 2026). Arbeloa's only prior senior role was Real Madrid youth/Castilla -- first top-flight head coach job, added uncertainty beyond a standard swap. Sources: fulhamfc.com/news/2026/july/07/alvaro-arbeloa-appointed-fulham-head-coach, skysports.com Alvaro Arbeloa Fulham. | bps_profile: 1.00 (GK -- BPS tackled-penalty rule change doesn't apply to goalkeepers)."
505079,,0.2423,1.00,0.75,,,,"TEST RUN UPDATE (30 Aug 2026) -- same Fulham manager-transition CS% blend as the first Fulham row above (player_code 80201); see that row's note for full sourcing and calculation. Alfie McNally: status=a. | tenure_discount added 30 Aug 2026 (TEST RUN, follow-up): Step 4a Manager Tenure Split Check -- 1 red flag, extra caution: Alvaro Arbeloa appointed Fulham head coach 7-8 Jul 2026 (fulhamfc.com official, beIN Sports, Sky Sports), replacing Marco Silva (5 seasons in charge, left Jun 2026). Arbeloa's only prior senior role was Real Madrid youth/Castilla -- first top-flight head coach job, added uncertainty beyond a standard swap. Sources: fulhamfc.com/news/2026/july/07/alvaro-arbeloa-appointed-fulham-head-coach, skysports.com Alvaro Arbeloa Fulham. | bps_profile: 1.00 (GK -- BPS tackled-penalty rule change doesn't apply to goalkeepers)."
174874,,0.2423,,0.75,,,,"TEST RUN UPDATE (30 Aug 2026) -- same Fulham manager-transition CS% blend as the first Fulham row above (player_code 80201); see that row's note for full sourcing and calculation. Joachim Andersen: status=a. | tenure_discount added 30 Aug 2026 (TEST RUN, follow-up): Step 4a Manager Tenure Split Check -- 1 red flag, extra caution: Alvaro Arbeloa appointed Fulham head coach 7-8 Jul 2026 (fulhamfc.com official, beIN Sports, Sky Sports), replacing Marco Silva (5 seasons in charge, left Jun 2026). Arbeloa's only prior senior role was Real Madrid youth/Castilla -- first top-flight head coach job, added uncertainty beyond a standard swap. Sources: fulhamfc.com/news/2026/july/07/alvaro-arbeloa-appointed-fulham-head-coach, skysports.com Alvaro Arbeloa Fulham."
169528,0.85,0.2423,1.06,0.75,,,,"TEST RUN UPDATE (30 Aug 2026) -- same Fulham manager-transition CS% blend as the first Fulham row above (player_code 80201); see that row's note for full sourcing and calculation. Antonee Robinson: status=a. | xm_override added 30 Aug 2026 (TEST RUN, xm follow-up): Step 4 xM Floor Rule -- Robinson has an actual current-season confirmed start (1/2 GW starts, 81 total min (confirmed but not fully undisputed)), source: olbauday/FPL-Core-Insights playerstats.csv gw=2 snapshot (id=254), fetched fresh this run, not the historical vaastav mirror. Floor set to 0.85 per Step 4, decoupled from prior-season minutes. Not permanent -- Step 0 rechecks weekly, drops if benched/injured. | tenure_discount added 30 Aug 2026 (TEST RUN, follow-up): Step 4a Manager Tenure Split Check -- 1 red flag, extra caution: Alvaro Arbeloa appointed Fulham head coach 7-8 Jul 2026 (fulhamfc.com official, beIN Sports, Sky Sports), replacing Marco Silva (5 seasons in charge, left Jun 2026). Arbeloa's only prior senior role was Real Madrid youth/Castilla -- first top-flight head coach job, added uncertainty beyond a standard swap. Sources: fulhamfc.com/news/2026/july/07/alvaro-arbeloa-appointed-fulham-head-coach, skysports.com Alvaro Arbeloa Fulham. | bps_profile added 30 Aug 2026 (TEST RUN, follow-up): 1.06 -- Antonee Robinson -- high-output overlapping left-back (USMNT starter) (EST, role read from established playing history, not yet 2026-27 match-confirmed)."
246301,0.85,0.2423,0.95,0.75,,,,"TEST RUN UPDATE (30 Aug 2026) -- same Fulham manager-transition CS% blend as the first Fulham row above (player_code 80201); see that row's note for full sourcing and calculation. Jorge Cuenca: status=a. | xm_override added 30 Aug 2026 (TEST RUN, xm follow-up): Step 4 xM Floor Rule -- J.Cuenca has an actual current-season confirmed start (1/2 GW starts, 90 total min (confirmed but not fully undisputed)), source: olbauday/FPL-Core-Insights playerstats.csv gw=2 snapshot (id=255), fetched fresh this run, not the historical vaastav mirror. Floor set to 0.85 per Step 4, decoupled from prior-season minutes. Not permanent -- Step 0 rechecks weekly, drops if benched/injured. | tenure_discount added 30 Aug 2026 (TEST RUN, follow-up): Step 4a Manager Tenure Split Check -- 1 red flag, extra caution: Alvaro Arbeloa appointed Fulham head coach 7-8 Jul 2026 (fulhamfc.com official, beIN Sports, Sky Sports), replacing Marco Silva (5 seasons in charge, left Jun 2026). Arbeloa's only prior senior role was Real Madrid youth/Castilla -- first top-flight head coach job, added uncertainty beyond a standard swap. Sources: fulhamfc.com/news/2026/july/07/alvaro-arbeloa-appointed-fulham-head-coach, skysports.com Alvaro Arbeloa Fulham. | bps_profile added 30 Aug 2026 (TEST RUN, follow-up): 0.95 -- Jorge Cuenca -- defensive centre-back (EST, role read from established playing history, not yet 2026-27 match-confirmed)."
167074,,0.2423,,0.75,,,,"TEST RUN UPDATE (30 Aug 2026) -- same Fulham manager-transition CS% blend as the first Fulham row above (player_code 80201); see that row's note for full sourcing and calculation. Kenny Tete: status=a. | tenure_discount added 30 Aug 2026 (TEST RUN, follow-up): Step 4a Manager Tenure Split Check -- 1 red flag, extra caution: Alvaro Arbeloa appointed Fulham head coach 7-8 Jul 2026 (fulhamfc.com official, beIN Sports, Sky Sports), replacing Marco Silva (5 seasons in charge, left Jun 2026). Arbeloa's only prior senior role was Real Madrid youth/Castilla -- first top-flight head coach job, added uncertainty beyond a standard swap. Sources: fulhamfc.com/news/2026/july/07/alvaro-arbeloa-appointed-fulham-head-coach, skysports.com Alvaro Arbeloa Fulham."
232892,0.85,0.2423,0.95,0.75,,,,"TEST RUN UPDATE (30 Aug 2026) -- same Fulham manager-transition CS% blend as the first Fulham row above (player_code 80201); see that row's note for full sourcing and calculation. Calvin Bassey: status=a. | xm_override added 30 Aug 2026 (TEST RUN, xm follow-up): Step 4 xM Floor Rule -- Bassey has an actual current-season confirmed start (1/2 GW starts, 90 total min (confirmed but not fully undisputed)), source: olbauday/FPL-Core-Insights playerstats.csv gw=2 snapshot (id=257), fetched fresh this run, not the historical vaastav mirror. Floor set to 0.85 per Step 4, decoupled from prior-season minutes. Not permanent -- Step 0 rechecks weekly, drops if benched/injured. | tenure_discount added 30 Aug 2026 (TEST RUN, follow-up): Step 4a Manager Tenure Split Check -- 1 red flag, extra caution: Alvaro Arbeloa appointed Fulham head coach 7-8 Jul 2026 (fulhamfc.com official, beIN Sports, Sky Sports), replacing Marco Silva (5 seasons in charge, left Jun 2026). Arbeloa's only prior senior role was Real Madrid youth/Castilla -- first top-flight head coach job, added uncertainty beyond a standard swap. Sources: fulhamfc.com/news/2026/july/07/alvaro-arbeloa-appointed-fulham-head-coach, skysports.com Alvaro Arbeloa Fulham. | bps_profile added 30 Aug 2026 (TEST RUN, follow-up): 0.95 -- Calvin Bassey -- primarily defensive CB/LB (EST, role read from established playing history, not yet 2026-27 match-confirmed)."
166477,0.85,0.2423,,0.75,,,,"TEST RUN UPDATE (30 Aug 2026) -- same Fulham manager-transition CS% blend as the first Fulham row above (player_code 80201); see that row's note for full sourcing and calculation. Timothy Castagne: status=a. | xm_override added 30 Aug 2026 (TEST RUN, xm follow-up): Step 4 xM Floor Rule -- Castagne has an actual current-season confirmed start (1/2 GW starts, 90 total min (confirmed but not fully undisputed)), source: olbauday/FPL-Core-Insights playerstats.csv gw=2 snapshot (id=258), fetched fresh this run, not the historical vaastav mirror. Floor set to 0.85 per Step 4, decoupled from prior-season minutes. Not permanent -- Step 0 rechecks weekly, drops if benched/injured. | tenure_discount added 30 Aug 2026 (TEST RUN, follow-up): Step 4a Manager Tenure Split Check -- 1 red flag, extra caution: Alvaro Arbeloa appointed Fulham head coach 7-8 Jul 2026 (fulhamfc.com official, beIN Sports, Sky Sports), replacing Marco Silva (5 seasons in charge, left Jun 2026). Arbeloa's only prior senior role was Real Madrid youth/Castilla -- first top-flight head coach job, added uncertainty beyond a standard swap. Sources: fulhamfc.com/news/2026/july/07/alvaro-arbeloa-appointed-fulham-head-coach, skysports.com Alvaro Arbeloa Fulham."
184349,,0.2423,,0.75,,,,"TEST RUN UPDATE (30 Aug 2026) -- same Fulham manager-transition CS% blend as the first Fulham row above (player_code 80201); see that row's note for full sourcing and calculation. Ryan Sessegnon: status=a. | tenure_discount added 30 Aug 2026 (TEST RUN, follow-up): Step 4a Manager Tenure Split Check -- 1 red flag, extra caution: Alvaro Arbeloa appointed Fulham head coach 7-8 Jul 2026 (fulhamfc.com official, beIN Sports, Sky Sports), replacing Marco Silva (5 seasons in charge, left Jun 2026). Arbeloa's only prior senior role was Real Madrid youth/Castilla -- first top-flight head coach job, added uncertainty beyond a standard swap. Sources: fulhamfc.com/news/2026/july/07/alvaro-arbeloa-appointed-fulham-head-coach, skysports.com Alvaro Arbeloa Fulham."
108813,,0.2130,1.00,0.78,,,,"NEW ROW (30 Aug 2026). Gary O'Neil confirmed Ipswich Town manager from 23 Jun 2026, replacing Kieran McKenna (stepped down, back-to-back promotions); immediately-prior club RC Strasbourg (Ligue 1, half-season, Jan-Jun 2026); last genuine FULL season was Wolves 2023-24 (PL) -- verified via ITFC official, Sky Sports, ESPN. TIER FLAG: Ipswich are newly promoted -- their own 2025-26 rate is Championship (36.96%, 17/46, fantasyfootballscout.co.uk + FotMob), a different statistical population than the PL. Manager's rate used is Wolves 2023-24 PL, 13.16% (5/38, StatMuse+Soccerway+FotMob, 3 sources) -- his more-recent Strasbourg half-season figure (2/14=14.29%) is UNVERIFIED (single AI-summarized read, no 2nd source) and NOT used. Step 6 base blend: 0.5x36.96% + 0.5x13.16% = 25.06% historical base -- wide uncertainty band recommended (cross-tier mismatch on both halves), revisit once 5-6 PL games exist. GW1 (home, Sunderland, won 2-1, conceded 1) = 0/1 clean sheets; GW2 (away, Man Utd) not yet finished at time of pull. Decay Schedule GW2-3 (GW1-only): 0.85x25.06% + 0.15x0% = 21.30%. Mechanism-specific finding (2 sources, direct manager quote): O'Neil selected 3 natural centre-half body-types in a back four for GW2 at Man Utd specifically to counter a named opposition set-piece weakness (Man Utd conceded 2 set-piece goals to Hull in their opener) -- 'To have three centre-half types in your back four helps us from set pieces, size-wise.' A second outlet frames this as a back-four-vs-back-five tactical question given Man Utd's recent record against back-five sides. Sources: readmanutd.com/2026/08/24/man-utd-vs-ipswich-oneil-tactical-switch-raises-carrick-concern ; suffolknews.co.uk/ipswich/sport/ipswich-town-column-fellow-promoted-side-shows-how-to-toppl-9480360 ; itfc.co.uk official ; olbauday/FPL-Core-Insights GW1 data. Applied identically to every currently-available (status=a) Ipswich Town GK/DEF per Rule #22. Walton: status=a. | tenure_discount added 30 Aug 2026 (TEST RUN, follow-up): Step 4a Manager Tenure Split Check -- New-club/new-league provision (not a pure tenure swap): Gary O'Neil appointed Ipswich Town manager 23 Jun 2026 (itfc.co.uk official), replacing Kieran McKenna who resigned after securing promotion (McKenna led all of the 2025-26 Championship promotion campaign). Combined with Ipswich's own top-flight absence in 2025-26 (Step 2b rescue trigger applies separately). Sources: itfc.co.uk/news/2026/june/23/gary-oneil-appointed-ipswich-town-manager, 101greatgoals.com. | bps_profile: 1.00 (GK -- BPS tackled-penalty rule change doesn't apply to goalkeepers)."
112520,,0.2130,1.00,0.78,,,,"TEST RUN UPDATE (30 Aug 2026) -- same Ipswich Town manager-transition CS% blend as the first Ipswich Town row above (player_code 108813); see that row's note for full sourcing and calculation. Palmer: status=a. | tenure_discount added 30 Aug 2026 (TEST RUN, follow-up): Step 4a Manager Tenure Split Check -- New-club/new-league provision (not a pure tenure swap): Gary O'Neil appointed Ipswich Town manager 23 Jun 2026 (itfc.co.uk official), replacing Kieran McKenna who resigned after securing promotion (McKenna led all of the 2025-26 Championship promotion campaign). Combined with Ipswich's own top-flight absence in 2025-26 (Step 2b rescue trigger applies separately). Sources: itfc.co.uk/news/2026/june/23/gary-oneil-appointed-ipswich-town-manager, 101greatgoals.com. | bps_profile: 1.00 (GK -- BPS tackled-penalty rule change doesn't apply to goalkeepers)."
50093,,0.2130,1.00,0.78,,,,"TEST RUN UPDATE (30 Aug 2026) -- same Ipswich Town manager-transition CS% blend as the first Ipswich Town row above (player_code 108813); see that row's note for full sourcing and calculation. Button: status=a. | tenure_discount added 30 Aug 2026 (TEST RUN, follow-up): Step 4a Manager Tenure Split Check -- New-club/new-league provision (not a pure tenure swap): Gary O'Neil appointed Ipswich Town manager 23 Jun 2026 (itfc.co.uk official), replacing Kieran McKenna who resigned after securing promotion (McKenna led all of the 2025-26 Championship promotion campaign). Combined with Ipswich's own top-flight absence in 2025-26 (Step 2b rescue trigger applies separately). Sources: itfc.co.uk/news/2026/june/23/gary-oneil-appointed-ipswich-town-manager, 101greatgoals.com. | bps_profile: 1.00 (GK -- BPS tackled-penalty rule change doesn't apply to goalkeepers)."
240514,0.85,0.2130,1.00,0.78,,,,"TEST RUN UPDATE (30 Aug 2026) -- same Ipswich Town manager-transition CS% blend as the first Ipswich Town row above (player_code 108813); see that row's note for full sourcing and calculation. Scherpen: status=a, GW1 starting GK (90 min). | xm_override added 30 Aug 2026 (TEST RUN, xm follow-up): Step 4 xM Floor Rule -- Scherpen has an actual current-season confirmed start (1/2 GW starts, 90 total min (confirmed but not fully undisputed)), source: olbauday/FPL-Core-Insights playerstats.csv gw=2 snapshot (id=564), fetched fresh this run, not the historical vaastav mirror. Floor set to 0.85 per Step 4, decoupled from prior-season minutes. Not permanent -- Step 0 rechecks weekly, drops if benched/injured. | tenure_discount added 30 Aug 2026 (TEST RUN, follow-up): Step 4a Manager Tenure Split Check -- New-club/new-league provision (not a pure tenure swap): Gary O'Neil appointed Ipswich Town manager 23 Jun 2026 (itfc.co.uk official), replacing Kieran McKenna who resigned after securing promotion (McKenna led all of the 2025-26 Championship promotion campaign). Combined with Ipswich's own top-flight absence in 2025-26 (Step 2b rescue trigger applies separately). Sources: itfc.co.uk/news/2026/june/23/gary-oneil-appointed-ipswich-town-manager, 101greatgoals.com. | bps_profile: 1.00 (GK -- BPS tackled-penalty rule change doesn't apply to goalkeepers)."
219924,0.85,0.2130,0.95,0.78,,,,"TEST RUN UPDATE (30 Aug 2026) -- same Ipswich Town manager-transition CS% blend as the first Ipswich Town row above (player_code 108813); see that row's note for full sourcing and calculation. Diop: status=a, GW1 starter (90 min), named as one of 3 CB-types. | xm_override added 30 Aug 2026 (TEST RUN, xm follow-up): Step 4 xM Floor Rule -- Diop has an actual current-season confirmed start (1/2 GW starts, 90 total min (confirmed but not fully undisputed)), source: olbauday/FPL-Core-Insights playerstats.csv gw=2 snapshot (id=259), fetched fresh this run, not the historical vaastav mirror. Floor set to 0.85 per Step 4, decoupled from prior-season minutes. Not permanent -- Step 0 rechecks weekly, drops if benched/injured. | tenure_discount added 30 Aug 2026 (TEST RUN, follow-up): Step 4a Manager Tenure Split Check -- New-club/new-league provision (not a pure tenure swap): Gary O'Neil appointed Ipswich Town manager 23 Jun 2026 (itfc.co.uk official), replacing Kieran McKenna who resigned after securing promotion (McKenna led all of the 2025-26 Championship promotion campaign). Combined with Ipswich's own top-flight absence in 2025-26 (Step 2b rescue trigger applies separately). Sources: itfc.co.uk/news/2026/june/23/gary-oneil-appointed-ipswich-town-manager, 101greatgoals.com. | bps_profile added 30 Aug 2026 (TEST RUN, follow-up): 0.95 -- Issa Diop -- defensive centre-back (EST, role read from established playing history, not yet 2026-27 match-confirmed)."
183015,,0.2130,,0.78,,,,"TEST RUN UPDATE (30 Aug 2026) -- same Ipswich Town manager-transition CS% blend as the first Ipswich Town row above (player_code 108813); see that row's note for full sourcing and calculation. Kipré: status=a. | tenure_discount added 30 Aug 2026 (TEST RUN, follow-up): Step 4a Manager Tenure Split Check -- New-club/new-league provision (not a pure tenure swap): Gary O'Neil appointed Ipswich Town manager 23 Jun 2026 (itfc.co.uk official), replacing Kieran McKenna who resigned after securing promotion (McKenna led all of the 2025-26 Championship promotion campaign). Combined with Ipswich's own top-flight absence in 2025-26 (Step 2b rescue trigger applies separately). Sources: itfc.co.uk/news/2026/june/23/gary-oneil-appointed-ipswich-town-manager, 101greatgoals.com."
216616,0.85,0.2130,0.95,0.78,,,,"TEST RUN UPDATE (30 Aug 2026) -- same Ipswich Town manager-transition CS% blend as the first Ipswich Town row above (player_code 108813); see that row's note for full sourcing and calculation. O'Shea: status=a, GW1 starter (90 min), deployed at RB as a 3rd CB-type for aerial cover. | xm_override added 30 Aug 2026 (TEST RUN, xm follow-up): Step 4 xM Floor Rule -- O'Shea has an actual current-season confirmed start (1/2 GW starts, 90 total min (confirmed but not fully undisputed)), source: olbauday/FPL-Core-Insights playerstats.csv gw=2 snapshot (id=304), fetched fresh this run, not the historical vaastav mirror. Floor set to 0.85 per Step 4, decoupled from prior-season minutes. Not permanent -- Step 0 rechecks weekly, drops if benched/injured. | tenure_discount added 30 Aug 2026 (TEST RUN, follow-up): Step 4a Manager Tenure Split Check -- New-club/new-league provision (not a pure tenure swap): Gary O'Neil appointed Ipswich Town manager 23 Jun 2026 (itfc.co.uk official), replacing Kieran McKenna who resigned after securing promotion (McKenna led all of the 2025-26 Championship promotion campaign). Combined with Ipswich's own top-flight absence in 2025-26 (Step 2b rescue trigger applies separately). Sources: itfc.co.uk/news/2026/june/23/gary-oneil-appointed-ipswich-town-manager, 101greatgoals.com. | bps_profile added 30 Aug 2026 (TEST RUN, follow-up): 0.95 -- Dara O'Shea -- defensive centre-back (EST, role read from established playing history, not yet 2026-27 match-confirmed)."
455084,0.85,0.2130,1.06,0.78,,,,"TEST RUN UPDATE (30 Aug 2026) -- same Ipswich Town manager-transition CS% blend as the first Ipswich Town row above (player_code 108813); see that row's note for full sourcing and calculation. Davis: status=a, GW1 starter (90 min). | xm_override added 30 Aug 2026 (TEST RUN, xm follow-up): Step 4 xM Floor Rule -- Davis has an actual current-season confirmed start (1/2 GW starts, 90 total min (confirmed but not fully undisputed)), source: olbauday/FPL-Core-Insights playerstats.csv gw=2 snapshot (id=305), fetched fresh this run, not the historical vaastav mirror. Floor set to 0.85 per Step 4, decoupled from prior-season minutes. Not permanent -- Step 0 rechecks weekly, drops if benched/injured. | tenure_discount added 30 Aug 2026 (TEST RUN, follow-up): Step 4a Manager Tenure Split Check -- New-club/new-league provision (not a pure tenure swap): Gary O'Neil appointed Ipswich Town manager 23 Jun 2026 (itfc.co.uk official), replacing Kieran McKenna who resigned after securing promotion (McKenna led all of the 2025-26 Championship promotion campaign). Combined with Ipswich's own top-flight absence in 2025-26 (Step 2b rescue trigger applies separately). Sources: itfc.co.uk/news/2026/june/23/gary-oneil-appointed-ipswich-town-manager, 101greatgoals.com. | bps_profile added 30 Aug 2026 (TEST RUN, follow-up): 1.06 -- Leif Davis -- attacking left-back, well documented crossing/set-piece output from Ipswich's promotion campaigns (EST, role read from established playing history, not yet 2026-27 match-confirmed)."
449429,0.85,0.2130,0.95,0.78,,,,"TEST RUN UPDATE (30 Aug 2026) -- same Ipswich Town manager-transition CS% blend as the first Ipswich Town row above (player_code 108813); see that row's note for full sourcing and calculation. Greaves: status=a, GW1 starter (90 min), named as one of 3 CB-types. | xm_override added 30 Aug 2026 (TEST RUN, xm follow-up): Step 4 xM Floor Rule -- Greaves has an actual current-season confirmed start (1/2 GW starts, 90 total min (confirmed but not fully undisputed)), source: olbauday/FPL-Core-Insights playerstats.csv gw=2 snapshot (id=306), fetched fresh this run, not the historical vaastav mirror. Floor set to 0.85 per Step 4, decoupled from prior-season minutes. Not permanent -- Step 0 rechecks weekly, drops if benched/injured. | tenure_discount added 30 Aug 2026 (TEST RUN, follow-up): Step 4a Manager Tenure Split Check -- New-club/new-league provision (not a pure tenure swap): Gary O'Neil appointed Ipswich Town manager 23 Jun 2026 (itfc.co.uk official), replacing Kieran McKenna who resigned after securing promotion (McKenna led all of the 2025-26 Championship promotion campaign). Combined with Ipswich's own top-flight absence in 2025-26 (Step 2b rescue trigger applies separately). Sources: itfc.co.uk/news/2026/june/23/gary-oneil-appointed-ipswich-town-manager, 101greatgoals.com. | bps_profile added 30 Aug 2026 (TEST RUN, follow-up): 0.95 -- Jacob Greaves -- defensive centre-back (EST, role read from established playing history, not yet 2026-27 match-confirmed)."
222018,,0.2130,,0.78,,,,"TEST RUN UPDATE (30 Aug 2026) -- same Ipswich Town manager-transition CS% blend as the first Ipswich Town row above (player_code 108813); see that row's note for full sourcing and calculation. Johnson: status=a. | tenure_discount added 30 Aug 2026 (TEST RUN, follow-up): Step 4a Manager Tenure Split Check -- New-club/new-league provision (not a pure tenure swap): Gary O'Neil appointed Ipswich Town manager 23 Jun 2026 (itfc.co.uk official), replacing Kieran McKenna who resigned after securing promotion (McKenna led all of the 2025-26 Championship promotion campaign). Combined with Ipswich's own top-flight absence in 2025-26 (Step 2b rescue trigger applies separately). Sources: itfc.co.uk/news/2026/june/23/gary-oneil-appointed-ipswich-town-manager, 101greatgoals.com."
176420,,0.2130,,0.78,,,,"TEST RUN UPDATE (30 Aug 2026) -- same Ipswich Town manager-transition CS% blend as the first Ipswich Town row above (player_code 108813); see that row's note for full sourcing and calculation. Furlong: status=a. | tenure_discount added 30 Aug 2026 (TEST RUN, follow-up): Step 4a Manager Tenure Split Check -- New-club/new-league provision (not a pure tenure swap): Gary O'Neil appointed Ipswich Town manager 23 Jun 2026 (itfc.co.uk official), replacing Kieran McKenna who resigned after securing promotion (McKenna led all of the 2025-26 Championship promotion campaign). Combined with Ipswich's own top-flight absence in 2025-26 (Step 2b rescue trigger applies separately). Sources: itfc.co.uk/news/2026/june/23/gary-oneil-appointed-ipswich-town-manager, 101greatgoals.com."
572584,,0.2130,,0.78,,,,"TEST RUN UPDATE (30 Aug 2026) -- same Ipswich Town manager-transition CS% blend as the first Ipswich Town row above (player_code 108813); see that row's note for full sourcing and calculation. Ouattara: status=a, 10 min GW1. | tenure_discount added 30 Aug 2026 (TEST RUN, follow-up): Step 4a Manager Tenure Split Check -- New-club/new-league provision (not a pure tenure swap): Gary O'Neil appointed Ipswich Town manager 23 Jun 2026 (itfc.co.uk official), replacing Kieran McKenna who resigned after securing promotion (McKenna led all of the 2025-26 Championship promotion campaign). Combined with Ipswich's own top-flight absence in 2025-26 (Step 2b rescue trigger applies separately). Sources: itfc.co.uk/news/2026/june/23/gary-oneil-appointed-ipswich-town-manager, 101greatgoals.com."
204936,0.90,0.3020,1.00,0.75,,,,"NEW ROW (30 Aug 2026). Enzo Maresca confirmed Man City manager from summer 2026, replacing Pep Guardiola (departed after 10-year tenure, farewell match 24 May 2026 vs Aston Villa); immediately-prior club Chelsea, left 1 Jan 2026 mid-season, last FULL season 2024-25 -- verified via mancity.com official, Sky Sports, Al Jazeera. Step 6 base blend: 0.5x Man City 2025-26 own PL clean-sheet rate 42.11% (16/38, StatMuse + partial GK corroboration) + 0.5x Maresca's final full Chelsea season, 2024-25 PL, 28.95% (11/38, 3 sources: StatMuse, MyFootballFacts, FotMob, exact agreement) = 35.53% historical base. Caveat (Rule #4, no numeric adjustment invented): Chelsea 2024-25 finished 4th; Man City is a materially higher-resourced squad -- blending a mid-table-quality defensive record 50/50 with a top-2 club's own record conflates two different squad-quality baselines. GW1 (home, Bournemouth, won 2-1, conceded 1) and GW2 (away, Crystal Palace, won 4-1, conceded 1) = 0/2 clean sheets. Decay Schedule GW2-3: 0.85x35.53% + 0.15x0% = 30.20%. Mechanism-specific finding (2 sources incl. direct player quote): Maresca's system is a zonal high-press block that deliberately leaves a hard-to-access far-side weak spot as a trade-off for ball-side pressure -- Gvardiol on-record: 'our habit is slightly different than what he wants from us,' with City's defense described as 'disjointed' in the first half vs Bournemouth before tightening up -- consistent with an in-progress system-adaptation explanation for early defensive inconsistency, not pure variance. Secondary finding: a named right-back depth gap (Nunes/Lewis) flagged by Opta Analyst squad audit. Sources: squawka.com/en/features/enzo-maresca-manchester-city-pre-season-tactics ; esteemedkompany.com/2026/08/26/the-tweaks-that-enzo-maresca-is-implementing-at-manchester-city-will-take-time-to-download ; skysports.com/football/news/11679/13548773 ; theanalyst.com/articles/man-city-premier-league-squad-audit-2026-27-transfers-stats ; olbauday/FPL-Core-Insights GW1+GW2 data. Applied identically to every currently-available (status=a) Man City GK/DEF per Rule #22. Donnarumma: status=a. | xm_override added 30 Aug 2026 (TEST RUN, xm follow-up): Step 4 xM Floor Rule -- Donnarumma has an actual current-season confirmed start (2/2 GW starts, ~full minutes both (undisputed)), source: olbauday/FPL-Core-Insights playerstats.csv gw=2 snapshot (id=384), fetched fresh this run, not the historical vaastav mirror. Floor set to 0.90 per Step 4, decoupled from prior-season minutes. Not permanent -- Step 0 rechecks weekly, drops if benched/injured. | tenure_discount added 30 Aug 2026 (TEST RUN, follow-up): Step 4a Manager Tenure Split Check -- 1 red flag, extra caution: Enzo Maresca appointed Man City manager 29 Jun 2026 (Al Jazeera, mancity.com), succeeding Pep Guardiola who stepped down after a decade in charge. Mechanically a single flag, but the scale of the philosophical/system change (10-year Guardiola possession framework -> Maresca) is unusually large -- treated at the cautious end of the bracket. Sources: aljazeera.com/sports/2026/6/29/enzo-maresca-appointed-man-city-manager, mancity.com/news/mens/pep-guardiola-official-announcement-63915039. | bps_profile: 1.00 (GK -- BPS tackled-penalty rule change doesn't apply to goalkeepers)."
122074,,0.3020,1.00,0.75,,,,"TEST RUN UPDATE (30 Aug 2026) -- same Man City manager-transition CS% blend as the first Man City row above (player_code 204936); see that row's note for full sourcing and calculation. Bettinelli: status=a. | tenure_discount added 30 Aug 2026 (TEST RUN, follow-up): Step 4a Manager Tenure Split Check -- 1 red flag, extra caution: Enzo Maresca appointed Man City manager 29 Jun 2026 (Al Jazeera, mancity.com), succeeding Pep Guardiola who stepped down after a decade in charge. Mechanically a single flag, but the scale of the philosophical/system change (10-year Guardiola possession framework -> Maresca) is unusually large -- treated at the cautious end of the bracket. Sources: aljazeera.com/sports/2026/6/29/enzo-maresca-appointed-man-city-manager, mancity.com/news/mens/pep-guardiola-official-announcement-63915039. | bps_profile: 1.00 (GK -- BPS tackled-penalty rule change doesn't apply to goalkeepers)."
106921,,0.3020,1.00,0.75,,,,"TEST RUN UPDATE (30 Aug 2026) -- same Man City manager-transition CS% blend as the first Man City row above (player_code 204936); see that row's note for full sourcing and calculation. Rulli: status=a. | tenure_discount added 30 Aug 2026 (TEST RUN, follow-up): Step 4a Manager Tenure Split Check -- 1 red flag, extra caution: Enzo Maresca appointed Man City manager 29 Jun 2026 (Al Jazeera, mancity.com), succeeding Pep Guardiola who stepped down after a decade in charge. Mechanically a single flag, but the scale of the philosophical/system change (10-year Guardiola possession framework -> Maresca) is unusually large -- treated at the cautious end of the bracket. Sources: aljazeera.com/sports/2026/6/29/enzo-maresca-appointed-man-city-manager, mancity.com/news/mens/pep-guardiola-official-announcement-63915039. | bps_profile: 1.00 (GK -- BPS tackled-penalty rule change doesn't apply to goalkeepers)."
472769,0.85,0.3020,,0.75,,,,"TEST RUN UPDATE (30 Aug 2026) -- same Man City manager-transition CS% blend as the first Man City row above (player_code 204936); see that row's note for full sourcing and calculation. O'Reilly: status=a. | xm_override added 30 Aug 2026 (TEST RUN, xm follow-up): Step 4 xM Floor Rule -- O'Reilly has an actual current-season confirmed start (2/2 GW starts, 150 total min (confirmed but not fully undisputed)), source: olbauday/FPL-Core-Insights playerstats.csv gw=2 snapshot (id=387), fetched fresh this run, not the historical vaastav mirror. Floor set to 0.85 per Step 4, decoupled from prior-season minutes. Not permanent -- Step 0 rechecks weekly, drops if benched/injured. | tenure_discount added 30 Aug 2026 (TEST RUN, follow-up): Step 4a Manager Tenure Split Check -- 1 red flag, extra caution: Enzo Maresca appointed Man City manager 29 Jun 2026 (Al Jazeera, mancity.com), succeeding Pep Guardiola who stepped down after a decade in charge. Mechanically a single flag, but the scale of the philosophical/system change (10-year Guardiola possession framework -> Maresca) is unusually large -- treated at the cautious end of the bracket. Sources: aljazeera.com/sports/2026/6/29/enzo-maresca-appointed-man-city-manager, mancity.com/news/mens/pep-guardiola-official-announcement-63915039."
209036,0.90,0.3020,0.95,0.75,,,,"TEST RUN UPDATE (30 Aug 2026) -- same Man City manager-transition CS% blend as the first Man City row above (player_code 204936); see that row's note for full sourcing and calculation. Guéhi: status=a. | xm_override added 30 Aug 2026 (TEST RUN, xm follow-up): Step 4 xM Floor Rule -- Guéhi has an actual current-season confirmed start (2/2 GW starts, ~full minutes both (undisputed)), source: olbauday/FPL-Core-Insights playerstats.csv gw=2 snapshot (id=388), fetched fresh this run, not the historical vaastav mirror. Floor set to 0.90 per Step 4, decoupled from prior-season minutes. Not permanent -- Step 0 rechecks weekly, drops if benched/injured. | tenure_discount added 30 Aug 2026 (TEST RUN, follow-up): Step 4a Manager Tenure Split Check -- 1 red flag, extra caution: Enzo Maresca appointed Man City manager 29 Jun 2026 (Al Jazeera, mancity.com), succeeding Pep Guardiola who stepped down after a decade in charge. Mechanically a single flag, but the scale of the philosophical/system change (10-year Guardiola possession framework -> Maresca) is unusually large -- treated at the cautious end of the bracket. Sources: aljazeera.com/sports/2026/6/29/enzo-maresca-appointed-man-city-manager, mancity.com/news/mens/pep-guardiola-official-announcement-63915039. | bps_profile added 30 Aug 2026 (TEST RUN, follow-up): 0.95 -- Marc Guehi -- defensive centre-back (EST, role read from established playing history, not yet 2026-27 match-confirmed)."
171314,0.90,0.3020,0.95,0.75,,,,"TEST RUN UPDATE (30 Aug 2026) -- same Man City manager-transition CS% blend as the first Man City row above (player_code 204936); see that row's note for full sourcing and calculation. Rúben Dias: status=a. | xm_override added 30 Aug 2026 (TEST RUN, xm follow-up): Step 4 xM Floor Rule -- Rúben has an actual current-season confirmed start (2/2 GW starts, ~full minutes both (undisputed)), source: olbauday/FPL-Core-Insights playerstats.csv gw=2 snapshot (id=390), fetched fresh this run, not the historical vaastav mirror. Floor set to 0.90 per Step 4, decoupled from prior-season minutes. Not permanent -- Step 0 rechecks weekly, drops if benched/injured. | tenure_discount added 30 Aug 2026 (TEST RUN, follow-up): Step 4a Manager Tenure Split Check -- 1 red flag, extra caution: Enzo Maresca appointed Man City manager 29 Jun 2026 (Al Jazeera, mancity.com), succeeding Pep Guardiola who stepped down after a decade in charge. Mechanically a single flag, but the scale of the philosophical/system change (10-year Guardiola possession framework -> Maresca) is unusually large -- treated at the cautious end of the bracket. Sources: aljazeera.com/sports/2026/6/29/enzo-maresca-appointed-man-city-manager, mancity.com/news/mens/pep-guardiola-official-announcement-63915039. | bps_profile added 30 Aug 2026 (TEST RUN, follow-up): 0.95 -- Ruben Dias -- elite defensive centre-back (EST, role read from established playing history, not yet 2026-27 match-confirmed)."
477424,0.85,0.3020,0.95,0.75,,,,"TEST RUN UPDATE (30 Aug 2026) -- same Man City manager-transition CS% blend as the first Man City row above (player_code 204936); see that row's note for full sourcing and calculation. Gvardiol: status=a -- directly quoted re: system-adaptation finding above. | xm_override added 30 Aug 2026 (TEST RUN, xm follow-up): Step 4 xM Floor Rule -- Gvardiol has an actual current-season confirmed start (2/2 GW starts, 164 total min (confirmed but not fully undisputed)), source: olbauday/FPL-Core-Insights playerstats.csv gw=2 snapshot (id=391), fetched fresh this run, not the historical vaastav mirror. Floor set to 0.85 per Step 4, decoupled from prior-season minutes. Not permanent -- Step 0 rechecks weekly, drops if benched/injured. | tenure_discount added 30 Aug 2026 (TEST RUN, follow-up): Step 4a Manager Tenure Split Check -- 1 red flag, extra caution: Enzo Maresca appointed Man City manager 29 Jun 2026 (Al Jazeera, mancity.com), succeeding Pep Guardiola who stepped down after a decade in charge. Mechanically a single flag, but the scale of the philosophical/system change (10-year Guardiola possession framework -> Maresca) is unusually large -- treated at the cautious end of the bracket. Sources: aljazeera.com/sports/2026/6/29/enzo-maresca-appointed-man-city-manager, mancity.com/news/mens/pep-guardiola-official-announcement-63915039. | bps_profile added 30 Aug 2026 (TEST RUN, follow-up): 0.95 -- Josko Gvardiol -- primarily a centre-back role at City despite some progressive passing (EST, role read from established playing history, not yet 2026-27 match-confirmed)."
448514,,0.3020,,0.75,,,,"TEST RUN UPDATE (30 Aug 2026) -- same Man City manager-transition CS% blend as the first Man City row above (player_code 204936); see that row's note for full sourcing and calculation. Aït-Nouri: status=a. | tenure_discount added 30 Aug 2026 (TEST RUN, follow-up): Step 4a Manager Tenure Split Check -- 1 red flag, extra caution: Enzo Maresca appointed Man City manager 29 Jun 2026 (Al Jazeera, mancity.com), succeeding Pep Guardiola who stepped down after a decade in charge. Mechanically a single flag, but the scale of the philosophical/system change (10-year Guardiola possession framework -> Maresca) is unusually large -- treated at the cautious end of the bracket. Sources: aljazeera.com/sports/2026/6/29/enzo-maresca-appointed-man-city-manager, mancity.com/news/mens/pep-guardiola-official-announcement-63915039."
578153,0.90,0.3020,0.95,0.75,,,,"TEST RUN UPDATE (30 Aug 2026) -- same Man City manager-transition CS% blend as the first Man City row above (player_code 204936); see that row's note for full sourcing and calculation. Khusanov: status=a. | xm_override added 30 Aug 2026 (TEST RUN, xm follow-up): Step 4 xM Floor Rule -- Khusanov has an actual current-season confirmed start (2/2 GW starts, ~full minutes both (undisputed)), source: olbauday/FPL-Core-Insights playerstats.csv gw=2 snapshot (id=393), fetched fresh this run, not the historical vaastav mirror. Floor set to 0.90 per Step 4, decoupled from prior-season minutes. Not permanent -- Step 0 rechecks weekly, drops if benched/injured. | tenure_discount added 30 Aug 2026 (TEST RUN, follow-up): Step 4a Manager Tenure Split Check -- 1 red flag, extra caution: Enzo Maresca appointed Man City manager 29 Jun 2026 (Al Jazeera, mancity.com), succeeding Pep Guardiola who stepped down after a decade in charge. Mechanically a single flag, but the scale of the philosophical/system change (10-year Guardiola possession framework -> Maresca) is unusually large -- treated at the cautious end of the bracket. Sources: aljazeera.com/sports/2026/6/29/enzo-maresca-appointed-man-city-manager, mancity.com/news/mens/pep-guardiola-official-announcement-63915039. | bps_profile added 30 Aug 2026 (TEST RUN, follow-up): 0.95 -- Abdukodir Khusanov -- defensive centre-back (EST, role read from established playing history, not yet 2026-27 match-confirmed)."
477064,0.85,0.3020,,0.75,,,,"TEST RUN UPDATE (30 Aug 2026) -- same Man City manager-transition CS% blend as the first Man City row above (player_code 204936); see that row's note for full sourcing and calculation. Lewis: status=a -- flagged in Opta Analyst squad audit as a rotation-risk RB backup. | xm_override added 30 Aug 2026 (TEST RUN, xm follow-up): Step 4 xM Floor Rule -- Lewis has an actual current-season confirmed start (1/2 GW starts, 56 total min (confirmed but not fully undisputed)), source: olbauday/FPL-Core-Insights playerstats.csv gw=2 snapshot (id=395), fetched fresh this run, not the historical vaastav mirror. Floor set to 0.85 per Step 4, decoupled from prior-season minutes. Not permanent -- Step 0 rechecks weekly, drops if benched/injured. | tenure_discount added 30 Aug 2026 (TEST RUN, follow-up): Step 4a Manager Tenure Split Check -- 1 red flag, extra caution: Enzo Maresca appointed Man City manager 29 Jun 2026 (Al Jazeera, mancity.com), succeeding Pep Guardiola who stepped down after a decade in charge. Mechanically a single flag, but the scale of the philosophical/system change (10-year Guardiola possession framework -> Maresca) is unusually large -- treated at the cautious end of the bracket. Sources: aljazeera.com/sports/2026/6/29/enzo-maresca-appointed-man-city-manager, mancity.com/news/mens/pep-guardiola-official-announcement-63915039."
616222,,0.3020,,0.75,,,,"TEST RUN UPDATE (30 Aug 2026) -- same Man City manager-transition CS% blend as the first Man City row above (player_code 204936); see that row's note for full sourcing and calculation. Vitor Reis: status=a. | tenure_discount added 30 Aug 2026 (TEST RUN, follow-up): Step 4a Manager Tenure Split Check -- 1 red flag, extra caution: Enzo Maresca appointed Man City manager 29 Jun 2026 (Al Jazeera, mancity.com), succeeding Pep Guardiola who stepped down after a decade in charge. Mechanically a single flag, but the scale of the philosophical/system change (10-year Guardiola possession framework -> Maresca) is unusually large -- treated at the cautious end of the bracket. Sources: aljazeera.com/sports/2026/6/29/enzo-maresca-appointed-man-city-manager, mancity.com/news/mens/pep-guardiola-official-announcement-63915039."
554054,,0.3020,,0.75,,,,"TEST RUN UPDATE (30 Aug 2026) -- same Man City manager-transition CS% blend as the first Man City row above (player_code 204936); see that row's note for full sourcing and calculation. Braithwaite: status=a. | tenure_discount added 30 Aug 2026 (TEST RUN, follow-up): Step 4a Manager Tenure Split Check -- 1 red flag, extra caution: Enzo Maresca appointed Man City manager 29 Jun 2026 (Al Jazeera, mancity.com), succeeding Pep Guardiola who stepped down after a decade in charge. Mechanically a single flag, but the scale of the philosophical/system change (10-year Guardiola possession framework -> Maresca) is unusually large -- treated at the cautious end of the bracket. Sources: aljazeera.com/sports/2026/6/29/enzo-maresca-appointed-man-city-manager, mancity.com/news/mens/pep-guardiola-official-announcement-63915039."
98747,,0.377,1.00,0.72,,,,"NEW ROW (30 Aug 2026). Matthias Jaissle confirmed Newcastle head coach from 6 Aug 2026, replacing Eddie Howe; immediately-prior club Al-Ahli Saudi FC (Saudi Pro League), Jul 2023-Aug 2026 (won AFC Champions League Elite 2025 and 2026) -- verified via Sky Sports, Newcastle United official, Wikipedia career timeline. Step 6 base blend: 0.5x Newcastle 2025-26 own PL clean-sheet rate 21.05% (8/38, StatMuse, single-provider-family, 2 queries consistent) + 0.5x Jaissle's final Al-Ahli season, 2025-26 Saudi Pro League, 50.0% (17/34, FotMob, single-provider but internally consistent league table) = 35.53% historical base. Caveat (Rule #4, no numeric adjustment invented): Saudi Pro League is a materially lower-competitiveness league than the PL outside its top 3-4 clubs -- treat 35.53% as upper-bound-optimistic pending real PL evidence. A conflicting Wikipedia claim that Al-Ahli were 2025-26 SPL champions was checked and REJECTED as false (Al-Nassr were champions per 3 independent match reports) -- the associated '12 clean sheets' figure from that same bad source was also discarded in favor of the FotMob-sourced 17. GW1 (home, Liverpool, drew 2-2, conceded 2) and GW2 (away, Tottenham, won 2-0, conceded 0 -- CLEAN SHEET) = 1/2 clean sheets. Decay Schedule GW2-3: 0.85x35.53% + 0.15x50.0% = 30.20% + 7.50% = 37.70%. CRITICAL GK-ROTATION FLAG (confirmed from the pipeline's own minutes data, not speculation): Nick Pope (status=a, code 98747) played 0 minutes in BOTH GW1 and GW2 -- he is NOT the starter. Newcastle activated Lukáš Horníček's release clause from Braga specifically to supplant Pope (fantasyfootballscout.co.uk, 3 Aug 2026); Horníček started both games (90 min each, 1 CS, 7pts GW2). The CS% override below applies position-wide per Rule #22, but any per-player minutes/start-rate projection MUST use the confirmed actual starter (Horníček), not Pope, despite Pope's status=a. Sources: skysports.com/football/news/11678/13568428 ; citizen.digital/article/newcastle-sign-goalkeeper-hornicek-from-braga-n387626 ; fantasyfootballscout.co.uk/2026/08/03/hornicek-jaouen-or-pope-who-will-be-newcastles-number-1 ; theanalyst.com (GW2 set-piece goal detail) ; olbauday/FPL-Core-Insights GW1+GW2 data (minutes confirmed directly from source). Applied identically to every currently-available (status=a) Newcastle GK/DEF per Rule #22. Nick Pope: status=a but 0 min GW1+GW2 -- NOT the confirmed starter, see master note GK-rotation flag. CS% override still applies per Rule #22 but do not treat as first-choice for minutes/start projections. | tenure_discount added 30 Aug 2026 (TEST RUN, follow-up): Step 4a Manager Tenure Split Check -- 1 red flag, most recent of all 9 clubs: Matthias Jaissle appointed Newcastle head coach (ESPN, Sky Sports, TNT Sports) after Eddie Howe departed 30 Jul 2026 -- literally days before the 2026-27 season, replacing a stable ~5-year Howe regime. Least pre-season bedding-in time of any club in this file, treated at the cautious end of the bracket. Sources: espn.com/soccer/story/_/id/49488797, skysports.com/football/news/11678/13568428. | bps_profile: 1.00 (GK -- BPS tackled-penalty rule change doesn't apply to goalkeepers)."
81441,,0.377,1.00,0.72,,,,"TEST RUN UPDATE (30 Aug 2026) -- same Newcastle manager-transition CS% blend as the first Newcastle row above (player_code 98747); see that row's note for full sourcing and calculation. Gillespie: status=a. | tenure_discount added 30 Aug 2026 (TEST RUN, follow-up): Step 4a Manager Tenure Split Check -- 1 red flag, most recent of all 9 clubs: Matthias Jaissle appointed Newcastle head coach (ESPN, Sky Sports, TNT Sports) after Eddie Howe departed 30 Jul 2026 -- literally days before the 2026-27 season, replacing a stable ~5-year Howe regime. Least pre-season bedding-in time of any club in this file, treated at the cautious end of the bracket. Sources: espn.com/soccer/story/_/id/49488797, skysports.com/football/news/11678/13568428. | bps_profile: 1.00 (GK -- BPS tackled-penalty rule change doesn't apply to goalkeepers)."
470551,0.90,0.377,1.00,0.72,,,,"TEST RUN UPDATE (30 Aug 2026) -- same Newcastle manager-transition CS% blend as the first Newcastle row above (player_code 98747); see that row's note for full sourcing and calculation. Horníček: status=a -- CONFIRMED ACTUAL STARTER, 90 min both GW1 and GW2, kept a clean sheet GW2. | xm_override added 30 Aug 2026 (TEST RUN, xm follow-up): Step 4 xM Floor Rule -- Horníček has an actual current-season confirmed start (2/2 GW starts, ~full minutes both (undisputed)), source: olbauday/FPL-Core-Insights playerstats.csv gw=2 snapshot (id=567), fetched fresh this run, not the historical vaastav mirror. Floor set to 0.90 per Step 4, decoupled from prior-season minutes. Not permanent -- Step 0 rechecks weekly, drops if benched/injured. | tenure_discount added 30 Aug 2026 (TEST RUN, follow-up): Step 4a Manager Tenure Split Check -- 1 red flag, most recent of all 9 clubs: Matthias Jaissle appointed Newcastle head coach (ESPN, Sky Sports, TNT Sports) after Eddie Howe departed 30 Jul 2026 -- literally days before the 2026-27 season, replacing a stable ~5-year Howe regime. Least pre-season bedding-in time of any club in this file, treated at the cautious end of the bracket. Sources: espn.com/soccer/story/_/id/49488797, skysports.com/football/news/11678/13568428. | bps_profile: 1.00 (GK -- BPS tackled-penalty rule change doesn't apply to goalkeepers)."
554578,,0.377,1.00,0.72,,,,"TEST RUN UPDATE (30 Aug 2026) -- same Newcastle manager-transition CS% blend as the first Newcastle row above (player_code 98747); see that row's note for full sourcing and calculation. Jaouen: status=a, summer signing squeezing Pope further. | tenure_discount added 30 Aug 2026 (TEST RUN, follow-up): Step 4a Manager Tenure Split Check -- 1 red flag, most recent of all 9 clubs: Matthias Jaissle appointed Newcastle head coach (ESPN, Sky Sports, TNT Sports) after Eddie Howe departed 30 Jul 2026 -- literally days before the 2026-27 season, replacing a stable ~5-year Howe regime. Least pre-season bedding-in time of any club in this file, treated at the cautious end of the bracket. Sources: espn.com/soccer/story/_/id/49488797, skysports.com/football/news/11678/13568428. | bps_profile: 1.00 (GK -- BPS tackled-penalty rule change doesn't apply to goalkeepers)."
465642,0.90,0.377,0.95,0.72,,,,"TEST RUN UPDATE (30 Aug 2026) -- same Newcastle manager-transition CS% blend as the first Newcastle row above (player_code 98747); see that row's note for full sourcing and calculation. Thiaw: status=a. | xm_override added 30 Aug 2026 (TEST RUN, xm follow-up): Step 4 xM Floor Rule -- Thiaw has an actual current-season confirmed start (2/2 GW starts, ~full minutes both (undisputed)), source: olbauday/FPL-Core-Insights playerstats.csv gw=2 snapshot (id=445), fetched fresh this run, not the historical vaastav mirror. Floor set to 0.90 per Step 4, decoupled from prior-season minutes. Not permanent -- Step 0 rechecks weekly, drops if benched/injured. | tenure_discount added 30 Aug 2026 (TEST RUN, follow-up): Step 4a Manager Tenure Split Check -- 1 red flag, most recent of all 9 clubs: Matthias Jaissle appointed Newcastle head coach (ESPN, Sky Sports, TNT Sports) after Eddie Howe departed 30 Jul 2026 -- literally days before the 2026-27 season, replacing a stable ~5-year Howe regime. Least pre-season bedding-in time of any club in this file, treated at the cautious end of the bracket. Sources: espn.com/soccer/story/_/id/49488797, skysports.com/football/news/11678/13568428. | bps_profile added 30 Aug 2026 (TEST RUN, follow-up): 0.95 -- Malick Thiaw -- defensive centre-back (EST, role read from established playing history, not yet 2026-27 match-confirmed)."
119471,,0.377,,0.72,,,,"TEST RUN UPDATE (30 Aug 2026) -- same Newcastle manager-transition CS% blend as the first Newcastle row above (player_code 98747); see that row's note for full sourcing and calculation. Schär: status=a. | tenure_discount added 30 Aug 2026 (TEST RUN, follow-up): Step 4a Manager Tenure Split Check -- 1 red flag, most recent of all 9 clubs: Matthias Jaissle appointed Newcastle head coach (ESPN, Sky Sports, TNT Sports) after Eddie Howe departed 30 Jul 2026 -- literally days before the 2026-27 season, replacing a stable ~5-year Howe regime. Least pre-season bedding-in time of any club in this file, treated at the cautious end of the bracket. Sources: espn.com/soccer/story/_/id/49488797, skysports.com/football/news/11678/13568428."
220237,0.90,0.377,0.95,0.72,,,,"TEST RUN UPDATE (30 Aug 2026) -- same Newcastle manager-transition CS% blend as the first Newcastle row above (player_code 98747); see that row's note for full sourcing and calculation. Botman: status=a. | xm_override added 30 Aug 2026 (TEST RUN, xm follow-up): Step 4 xM Floor Rule -- Botman has an actual current-season confirmed start (2/2 GW starts, ~full minutes both (undisputed)), source: olbauday/FPL-Core-Insights playerstats.csv gw=2 snapshot (id=447), fetched fresh this run, not the historical vaastav mirror. Floor set to 0.90 per Step 4, decoupled from prior-season minutes. Not permanent -- Step 0 rechecks weekly, drops if benched/injured. | tenure_discount added 30 Aug 2026 (TEST RUN, follow-up): Step 4a Manager Tenure Split Check -- 1 red flag, most recent of all 9 clubs: Matthias Jaissle appointed Newcastle head coach (ESPN, Sky Sports, TNT Sports) after Eddie Howe departed 30 Jul 2026 -- literally days before the 2026-27 season, replacing a stable ~5-year Howe regime. Least pre-season bedding-in time of any club in this file, treated at the cautious end of the bracket. Sources: espn.com/soccer/story/_/id/49488797, skysports.com/football/news/11678/13568428. | bps_profile added 30 Aug 2026 (TEST RUN, follow-up): 0.95 -- Sven Botman -- defensive centre-back (EST, role read from established playing history, not yet 2026-27 match-confirmed)."
487838,0.90,0.377,,0.72,,,,"TEST RUN UPDATE (30 Aug 2026) -- same Newcastle manager-transition CS% blend as the first Newcastle row above (player_code 98747); see that row's note for full sourcing and calculation. Hall: status=a. | xm_override added 30 Aug 2026 (TEST RUN, xm follow-up): Step 4 xM Floor Rule -- Hall has an actual current-season confirmed start (2/2 GW starts, ~full minutes both (undisputed)), source: olbauday/FPL-Core-Insights playerstats.csv gw=2 snapshot (id=449), fetched fresh this run, not the historical vaastav mirror. Floor set to 0.90 per Step 4, decoupled from prior-season minutes. Not permanent -- Step 0 rechecks weekly, drops if benched/injured. | tenure_discount added 30 Aug 2026 (TEST RUN, follow-up): Step 4a Manager Tenure Split Check -- 1 red flag, most recent of all 9 clubs: Matthias Jaissle appointed Newcastle head coach (ESPN, Sky Sports, TNT Sports) after Eddie Howe departed 30 Jul 2026 -- literally days before the 2026-27 season, replacing a stable ~5-year Howe regime. Least pre-season bedding-in time of any club in this file, treated at the cautious end of the bracket. Sources: espn.com/soccer/story/_/id/49488797, skysports.com/football/news/11678/13568428."
463726,0.90,0.377,,0.72,,,,"TEST RUN UPDATE (30 Aug 2026) -- same Newcastle manager-transition CS% blend as the first Newcastle row above (player_code 98747); see that row's note for full sourcing and calculation. Dedić: status=a. | xm_override added 30 Aug 2026 (TEST RUN, xm follow-up): Step 4 xM Floor Rule -- Dedić has an actual current-season confirmed start (2/2 GW starts, ~full minutes both (undisputed)), source: olbauday/FPL-Core-Insights playerstats.csv gw=2 snapshot (id=593), fetched fresh this run, not the historical vaastav mirror. Floor set to 0.90 per Step 4, decoupled from prior-season minutes. Not permanent -- Step 0 rechecks weekly, drops if benched/injured. | tenure_discount added 30 Aug 2026 (TEST RUN, follow-up): Step 4a Manager Tenure Split Check -- 1 red flag, most recent of all 9 clubs: Matthias Jaissle appointed Newcastle head coach (ESPN, Sky Sports, TNT Sports) after Eddie Howe departed 30 Jul 2026 -- literally days before the 2026-27 season, replacing a stable ~5-year Howe regime. Least pre-season bedding-in time of any club in this file, treated at the cautious end of the bracket. Sources: espn.com/soccer/story/_/id/49488797, skysports.com/football/news/11678/13568428."
553746,,0.377,,0.72,,,,"TEST RUN UPDATE (30 Aug 2026) -- same Newcastle manager-transition CS% blend as the first Newcastle row above (player_code 98747); see that row's note for full sourcing and calculation. Shahar: status=a. | tenure_discount added 30 Aug 2026 (TEST RUN, follow-up): Step 4a Manager Tenure Split Check -- 1 red flag, most recent of all 9 clubs: Matthias Jaissle appointed Newcastle head coach (ESPN, Sky Sports, TNT Sports) after Eddie Howe departed 30 Jul 2026 -- literally days before the 2026-27 season, replacing a stable ~5-year Howe regime. Least pre-season bedding-in time of any club in this file, treated at the cautious end of the bracket. Sources: espn.com/soccer/story/_/id/49488797, skysports.com/football/news/11678/13568428."
85633,0.90,0.2349,1.00,0.62,,,,"NEW ROW (30 Aug 2026). Oliver Glasner confirmed Nott'm Forest head coach from 6 Jul 2026, replacing Vítor Pereira (sacked despite PL survival + Europa League semi); immediately-prior club Crystal Palace (won FA Cup 2024-25, UEFA Conference League 2025-26) -- verified via Sky Sports (full text), Goal.com, Yahoo, ESPN; official club headline corroborated via search index (page itself JS-blocked to fetch). Step 6 base blend: 0.5x Forest 2025-26 own PL clean-sheet rate 23.68% (9/38, StatMuse+aboutchampionships.com) + 0.5x Glasner's final Crystal Palace season, 2025-26 PL, 31.58% (12/38, StatMuse+aboutchampionships.com) = 27.63% historical base. Same competition/tier/season for both halves -- no cross-league caveat required (checked explicitly). GW1 (home, Leeds, lost 0-1, conceded 1) and GW2 (away, Liverpool, drew 2-2, conceded 2) = 0/2 clean sheets. Decay Schedule GW2-3: 0.85x27.63% + 0.15x0% = 23.49%. Mechanism-specific finding (2 sources): Glasner has carried over his Crystal Palace 3-4-2-1 wing-back system, with Aina/N.Williams named as direct beneficiaries; both sources separately flag Elliot Anderson's departure to Man City as a specific midfield-control gap undercutting the shape's defensive benefit, and Forest's historically weak home form (4 home wins all of 2025-26). TENURE RED FLAG (Step 4a, verified via Wikipedia factual season timeline, cross-checked against Sky Sports framing): Forest had 5 managerial changes in ~12 months under owner Evangelos Marinakis (Nuno -> Postecoglou -> Dyche -> Pereira -> Glasner) -- any 'new manager bounce' read for this club should carry reduced confidence given the demonstrated pattern of rapid churn. Sources: fantasyfootballscout.co.uk/2026/08/20/fpl-2026-27-nottm-forest-best-players-set-piece-takers-predicted-xi-more ; sports.yahoo.com/articles/nottingham-forest-2026-27-premier-132500985 ; skysports.com/football/news/11095/13560923 ; en.wikipedia.org/wiki/2025%E2%80%9326_Nottingham_Forest_F.C._season ; olbauday/FPL-Core-Insights GW1+GW2 data. Applied identically to every currently-available (status=a) Nott'm Forest GK/DEF per Rule #22. Sels: status=a. | xm_override added 30 Aug 2026 (TEST RUN, xm follow-up): Step 4 xM Floor Rule -- Sels has an actual current-season confirmed start (2/2 GW starts, ~full minutes both (undisputed)), source: olbauday/FPL-Core-Insights playerstats.csv gw=2 snapshot (id=467), fetched fresh this run, not the historical vaastav mirror. Floor set to 0.90 per Step 4, decoupled from prior-season minutes. Not permanent -- Step 0 rechecks weekly, drops if benched/injured. | tenure_discount added 30 Aug 2026 (TEST RUN, follow-up): Step 4a Manager Tenure Split Check -- 2+ red flags -- meaningful discount bracket: Oliver Glasner appointed Nottingham Forest head coach 6 Jul 2026 (nottinghamforest.co.uk official), but this is at least the 2nd change since Vitor Pereira was appointed 15 Feb 2026 (nottinghamforest.co.uk official) mid-way through 2025-26 itself -- meaning even the 'majority of the season' baseline is split across 2+ different regimes, not a single clean swap. Sources: nottinghamforest.co.uk/news/2026/july/06/forest-appoint-oliver-glasner-as-head-coach, nottinghamforest.co.uk/news/2026/february/15/vitor-pereira-appointed-forest-head-coach. | bps_profile: 1.00 (GK -- BPS tackled-penalty rule change doesn't apply to goalkeepers)."
221389,,0.2349,1.00,0.62,,,,"TEST RUN UPDATE (30 Aug 2026) -- same Nott'm Forest manager-transition CS% blend as the first Nott'm Forest row above (player_code 85633); see that row's note for full sourcing and calculation. John: status=a. | tenure_discount added 30 Aug 2026 (TEST RUN, follow-up): Step 4a Manager Tenure Split Check -- 2+ red flags -- meaningful discount bracket: Oliver Glasner appointed Nottingham Forest head coach 6 Jul 2026 (nottinghamforest.co.uk official), but this is at least the 2nd change since Vitor Pereira was appointed 15 Feb 2026 (nottinghamforest.co.uk official) mid-way through 2025-26 itself -- meaning even the 'majority of the season' baseline is split across 2+ different regimes, not a single clean swap. Sources: nottinghamforest.co.uk/news/2026/july/06/forest-appoint-oliver-glasner-as-head-coach, nottinghamforest.co.uk/news/2026/february/15/vitor-pereira-appointed-forest-head-coach. | bps_profile: 1.00 (GK -- BPS tackled-penalty rule change doesn't apply to goalkeepers)."
428971,,0.2349,1.00,0.62,,,,"TEST RUN UPDATE (30 Aug 2026) -- same Nott'm Forest manager-transition CS% blend as the first Nott'm Forest row above (player_code 85633); see that row's note for full sourcing and calculation. Benda: status=a. | tenure_discount added 30 Aug 2026 (TEST RUN, follow-up): Step 4a Manager Tenure Split Check -- 2+ red flags -- meaningful discount bracket: Oliver Glasner appointed Nottingham Forest head coach 6 Jul 2026 (nottinghamforest.co.uk official), but this is at least the 2nd change since Vitor Pereira was appointed 15 Feb 2026 (nottinghamforest.co.uk official) mid-way through 2025-26 itself -- meaning even the 'majority of the season' baseline is split across 2+ different regimes, not a single clean swap. Sources: nottinghamforest.co.uk/news/2026/july/06/forest-appoint-oliver-glasner-as-head-coach, nottinghamforest.co.uk/news/2026/february/15/vitor-pereira-appointed-forest-head-coach. | bps_profile: 1.00 (GK -- BPS tackled-penalty rule change doesn't apply to goalkeepers)."
215136,0.90,0.2349,,0.62,,,,"TEST RUN UPDATE (30 Aug 2026) -- same Nott'm Forest manager-transition CS% blend as the first Nott'm Forest row above (player_code 85633); see that row's note for full sourcing and calculation. N.Williams: status=a -- named wing-back beneficiary of the 3-4-2-1 shift. | xm_override added 30 Aug 2026 (TEST RUN, xm follow-up): Step 4 xM Floor Rule -- N.Williams has an actual current-season confirmed start (2/2 GW starts, ~full minutes both (undisputed)), source: olbauday/FPL-Core-Insights playerstats.csv gw=2 snapshot (id=469), fetched fresh this run, not the historical vaastav mirror. Floor set to 0.90 per Step 4, decoupled from prior-season minutes. Not permanent -- Step 0 rechecks weekly, drops if benched/injured. | tenure_discount added 30 Aug 2026 (TEST RUN, follow-up): Step 4a Manager Tenure Split Check -- 2+ red flags -- meaningful discount bracket: Oliver Glasner appointed Nottingham Forest head coach 6 Jul 2026 (nottinghamforest.co.uk official), but this is at least the 2nd change since Vitor Pereira was appointed 15 Feb 2026 (nottinghamforest.co.uk official) mid-way through 2025-26 itself -- meaning even the 'majority of the season' baseline is split across 2+ different regimes, not a single clean swap. Sources: nottinghamforest.co.uk/news/2026/july/06/forest-appoint-oliver-glasner-as-head-coach, nottinghamforest.co.uk/news/2026/february/15/vitor-pereira-appointed-forest-head-coach."
485047,,0.2349,,0.62,,,,"TEST RUN UPDATE (30 Aug 2026) -- same Nott'm Forest manager-transition CS% blend as the first Nott'm Forest row above (player_code 85633); see that row's note for full sourcing and calculation. Morato: status=a. | tenure_discount added 30 Aug 2026 (TEST RUN, follow-up): Step 4a Manager Tenure Split Check -- 2+ red flags -- meaningful discount bracket: Oliver Glasner appointed Nottingham Forest head coach 6 Jul 2026 (nottinghamforest.co.uk official), but this is at least the 2nd change since Vitor Pereira was appointed 15 Feb 2026 (nottinghamforest.co.uk official) mid-way through 2025-26 itself -- meaning even the 'majority of the season' baseline is split across 2+ different regimes, not a single clean swap. Sources: nottinghamforest.co.uk/news/2026/july/06/forest-appoint-oliver-glasner-as-head-coach, nottinghamforest.co.uk/news/2026/february/15/vitor-pereira-appointed-forest-head-coach."
227444,0.90,0.2349,0.95,0.62,,,,"TEST RUN UPDATE (30 Aug 2026) -- same Nott'm Forest manager-transition CS% blend as the first Nott'm Forest row above (player_code 85633); see that row's note for full sourcing and calculation. Milenković: status=a. | xm_override added 30 Aug 2026 (TEST RUN, xm follow-up): Step 4 xM Floor Rule -- Milenković has an actual current-season confirmed start (2/2 GW starts, ~full minutes both (undisputed)), source: olbauday/FPL-Core-Insights playerstats.csv gw=2 snapshot (id=471), fetched fresh this run, not the historical vaastav mirror. Floor set to 0.90 per Step 4, decoupled from prior-season minutes. Not permanent -- Step 0 rechecks weekly, drops if benched/injured. | tenure_discount added 30 Aug 2026 (TEST RUN, follow-up): Step 4a Manager Tenure Split Check -- 2+ red flags -- meaningful discount bracket: Oliver Glasner appointed Nottingham Forest head coach 6 Jul 2026 (nottinghamforest.co.uk official), but this is at least the 2nd change since Vitor Pereira was appointed 15 Feb 2026 (nottinghamforest.co.uk official) mid-way through 2025-26 itself -- meaning even the 'majority of the season' baseline is split across 2+ different regimes, not a single clean swap. Sources: nottinghamforest.co.uk/news/2026/july/06/forest-appoint-oliver-glasner-as-head-coach, nottinghamforest.co.uk/news/2026/february/15/vitor-pereira-appointed-forest-head-coach. | bps_profile added 30 Aug 2026 (TEST RUN, follow-up): 0.95 -- Nikola Milenkovic -- defensive centre-back, strong historic CBIT output (EST, role read from established playing history, not yet 2026-27 match-confirmed)."
575476,0.90,0.2349,0.95,0.62,,,,"TEST RUN UPDATE (30 Aug 2026) -- same Nott'm Forest manager-transition CS% blend as the first Nott'm Forest row above (player_code 85633); see that row's note for full sourcing and calculation. Murillo: status=a, 100% chance of playing. | xm_override added 30 Aug 2026 (TEST RUN, xm follow-up): Step 4 xM Floor Rule -- Murillo has an actual current-season confirmed start (2/2 GW starts, ~full minutes both (undisputed)), source: olbauday/FPL-Core-Insights playerstats.csv gw=2 snapshot (id=472), fetched fresh this run, not the historical vaastav mirror. Floor set to 0.90 per Step 4, decoupled from prior-season minutes. Not permanent -- Step 0 rechecks weekly, drops if benched/injured. | tenure_discount added 30 Aug 2026 (TEST RUN, follow-up): Step 4a Manager Tenure Split Check -- 2+ red flags -- meaningful discount bracket: Oliver Glasner appointed Nottingham Forest head coach 6 Jul 2026 (nottinghamforest.co.uk official), but this is at least the 2nd change since Vitor Pereira was appointed 15 Feb 2026 (nottinghamforest.co.uk official) mid-way through 2025-26 itself -- meaning even the 'majority of the season' baseline is split across 2+ different regimes, not a single clean swap. Sources: nottinghamforest.co.uk/news/2026/july/06/forest-appoint-oliver-glasner-as-head-coach, nottinghamforest.co.uk/news/2026/february/15/vitor-pereira-appointed-forest-head-coach. | bps_profile added 30 Aug 2026 (TEST RUN, follow-up): 0.95 -- Murillo -- ball-playing but fundamentally defensive centre-back (EST, role read from established playing history, not yet 2026-27 match-confirmed)."
159506,0.85,0.2349,,0.62,,,,"TEST RUN UPDATE (30 Aug 2026) -- same Nott'm Forest manager-transition CS% blend as the first Nott'm Forest row above (player_code 85633); see that row's note for full sourcing and calculation. Aina: status=a -- named wing-back beneficiary of the 3-4-2-1 shift. | xm_override added 30 Aug 2026 (TEST RUN, xm follow-up): Step 4 xM Floor Rule -- Aina has an actual current-season confirmed start (2/2 GW starts, 158 total min (confirmed but not fully undisputed)), source: olbauday/FPL-Core-Insights playerstats.csv gw=2 snapshot (id=473), fetched fresh this run, not the historical vaastav mirror. Floor set to 0.85 per Step 4, decoupled from prior-season minutes. Not permanent -- Step 0 rechecks weekly, drops if benched/injured. | tenure_discount added 30 Aug 2026 (TEST RUN, follow-up): Step 4a Manager Tenure Split Check -- 2+ red flags -- meaningful discount bracket: Oliver Glasner appointed Nottingham Forest head coach 6 Jul 2026 (nottinghamforest.co.uk official), but this is at least the 2nd change since Vitor Pereira was appointed 15 Feb 2026 (nottinghamforest.co.uk official) mid-way through 2025-26 itself -- meaning even the 'majority of the season' baseline is split across 2+ different regimes, not a single clean swap. Sources: nottinghamforest.co.uk/news/2026/july/06/forest-appoint-oliver-glasner-as-head-coach, nottinghamforest.co.uk/news/2026/february/15/vitor-pereira-appointed-forest-head-coach."
575458,0.90,0.2349,,0.62,,,,"TEST RUN UPDATE (30 Aug 2026) -- same Nott'm Forest manager-transition CS% blend as the first Nott'm Forest row above (player_code 85633); see that row's note for full sourcing and calculation. Jair Cunha: status=a. | xm_override added 30 Aug 2026 (TEST RUN, xm follow-up): Step 4 xM Floor Rule -- Jair Cunha has an actual current-season confirmed start (2/2 GW starts, ~full minutes both (undisputed)), source: olbauday/FPL-Core-Insights playerstats.csv gw=2 snapshot (id=474), fetched fresh this run, not the historical vaastav mirror. Floor set to 0.90 per Step 4, decoupled from prior-season minutes. Not permanent -- Step 0 rechecks weekly, drops if benched/injured. | tenure_discount added 30 Aug 2026 (TEST RUN, follow-up): Step 4a Manager Tenure Split Check -- 2+ red flags -- meaningful discount bracket: Oliver Glasner appointed Nottingham Forest head coach 6 Jul 2026 (nottinghamforest.co.uk official), but this is at least the 2nd change since Vitor Pereira was appointed 15 Feb 2026 (nottinghamforest.co.uk official) mid-way through 2025-26 itself -- meaning even the 'majority of the season' baseline is split across 2+ different regimes, not a single clean swap. Sources: nottinghamforest.co.uk/news/2026/july/06/forest-appoint-oliver-glasner-as-head-coach, nottinghamforest.co.uk/news/2026/february/15/vitor-pereira-appointed-forest-head-coach."
204822,,0.2349,,0.62,,,,"TEST RUN UPDATE (30 Aug 2026) -- same Nott'm Forest manager-transition CS% blend as the first Nott'm Forest row above (player_code 85633); see that row's note for full sourcing and calculation. O.Richards: status=a. | tenure_discount added 30 Aug 2026 (TEST RUN, follow-up): Step 4a Manager Tenure Split Check -- 2+ red flags -- meaningful discount bracket: Oliver Glasner appointed Nottingham Forest head coach 6 Jul 2026 (nottinghamforest.co.uk official), but this is at least the 2nd change since Vitor Pereira was appointed 15 Feb 2026 (nottinghamforest.co.uk official) mid-way through 2025-26 itself -- meaning even the 'majority of the season' baseline is split across 2+ different regimes, not a single clean swap. Sources: nottinghamforest.co.uk/news/2026/july/06/forest-appoint-oliver-glasner-as-head-coach, nottinghamforest.co.uk/news/2026/february/15/vitor-pereira-appointed-forest-head-coach."
549067,,0.2349,,0.62,,,,"TEST RUN UPDATE (30 Aug 2026) -- same Nott'm Forest manager-transition CS% blend as the first Nott'm Forest row above (player_code 85633); see that row's note for full sourcing and calculation. Abbott: status=a. | tenure_discount added 30 Aug 2026 (TEST RUN, follow-up): Step 4a Manager Tenure Split Check -- 2+ red flags -- meaningful discount bracket: Oliver Glasner appointed Nottingham Forest head coach 6 Jul 2026 (nottinghamforest.co.uk official), but this is at least the 2nd change since Vitor Pereira was appointed 15 Feb 2026 (nottinghamforest.co.uk official) mid-way through 2025-26 itself -- meaning even the 'majority of the season' baseline is split across 2+ different regimes, not a single clean swap. Sources: nottinghamforest.co.uk/news/2026/july/06/forest-appoint-oliver-glasner-as-head-coach, nottinghamforest.co.uk/news/2026/february/15/vitor-pereira-appointed-forest-head-coach."
470315,,0.2349,,0.62,,,,"TEST RUN UPDATE (30 Aug 2026) -- same Nott'm Forest manager-transition CS% blend as the first Nott'm Forest row above (player_code 85633); see that row's note for full sourcing and calculation. Netz: status=a. | tenure_discount added 30 Aug 2026 (TEST RUN, follow-up): Step 4a Manager Tenure Split Check -- 2+ red flags -- meaningful discount bracket: Oliver Glasner appointed Nottingham Forest head coach 6 Jul 2026 (nottinghamforest.co.uk official), but this is at least the 2nd change since Vitor Pereira was appointed 15 Feb 2026 (nottinghamforest.co.uk official) mid-way through 2025-26 itself -- meaning even the 'majority of the season' baseline is split across 2+ different regimes, not a single clean swap. Sources: nottinghamforest.co.uk/news/2026/july/06/forest-appoint-oliver-glasner-as-head-coach, nottinghamforest.co.uk/news/2026/february/15/vitor-pereira-appointed-forest-head-coach."
538638,,0.2349,,0.62,,,,"TEST RUN UPDATE (30 Aug 2026) -- same Nott'm Forest manager-transition CS% blend as the first Nott'm Forest row above (player_code 85633); see that row's note for full sourcing and calculation. Bindon: status=a. | tenure_discount added 30 Aug 2026 (TEST RUN, follow-up): Step 4a Manager Tenure Split Check -- 2+ red flags -- meaningful discount bracket: Oliver Glasner appointed Nottingham Forest head coach 6 Jul 2026 (nottinghamforest.co.uk official), but this is at least the 2nd change since Vitor Pereira was appointed 15 Feb 2026 (nottinghamforest.co.uk official) mid-way through 2025-26 itself -- meaning even the 'majority of the season' baseline is split across 2+ different regimes, not a single clean swap. Sources: nottinghamforest.co.uk/news/2026/july/06/forest-appoint-oliver-glasner-as-head-coach, nottinghamforest.co.uk/news/2026/february/15/vitor-pereira-appointed-forest-head-coach."
568420,,0.2349,,0.62,,,,"TEST RUN UPDATE (30 Aug 2026) -- same Nott'm Forest manager-transition CS% blend as the first Nott'm Forest row above (player_code 85633); see that row's note for full sourcing and calculation. Diomande: status=a -- £34.3m summer CB signing, main defensive reinforcement. | tenure_discount added 30 Aug 2026 (TEST RUN, follow-up): Step 4a Manager Tenure Split Check -- 2+ red flags -- meaningful discount bracket: Oliver Glasner appointed Nottingham Forest head coach 6 Jul 2026 (nottinghamforest.co.uk official), but this is at least the 2nd change since Vitor Pereira was appointed 15 Feb 2026 (nottinghamforest.co.uk official) mid-way through 2025-26 itself -- meaning even the 'majority of the season' baseline is split across 2+ different regimes, not a single clean swap. Sources: nottinghamforest.co.uk/news/2026/july/06/forest-appoint-oliver-glasner-as-head-coach, nottinghamforest.co.uk/news/2026/february/15/vitor-pereira-appointed-forest-head-coach."
